ts,SA,NSW
2018-08-25 13:10:00,50.087273,50.087635
2018-08-25 13:10:01,50.083569,50.084743
2018-08-25 13:10:02,50.081341,50.081947
2018-08-25 13:10:03,50.079651,50.079124
2018-08-25 13:10:04,50.076427,50.078037
2018-08-25 13:10:05,50.077301,50.078568
2018-08-25 13:10:06,50.075878,50.07597
2018-08-25 13:10:07,50.071129,50.073631
2018-08-25 13:10:08,50.074348,50.074722
2018-08-25 13:10:09,50.077538,50.075577
2018-08-25 13:10:10,50.073933,50.074314
2018-08-25 13:10:11,50.067837,50.068581
2018-08-25 13:10:12,50.057327,50.059132
2018-08-25 13:10:13,50.0499,50.049423
2018-08-25 13:10:14,50.038521,50.039753
2018-08-25 13:10:15,50.029442,50.029919
2018-08-25 13:10:16,50.023487,50.021957
2018-08-25 13:10:17,50.016048,50.017288
2018-08-25 13:10:18,50.014568,50.015678
2018-08-25 13:10:19,50.01598,50.0143
2018-08-25 13:10:20,50.014164,50.016235
2018-08-25 13:10:21,50.019543,50.020256
2018-08-25 13:10:22,50.025661,50.024075
2018-08-25 13:10:23,50.025124,50.026421
2018-08-25 13:10:24,50.028885,50.027973
2018-08-25 13:10:25,50.030685,50.031425
2018-08-25 13:10:26,50.035286,50.035275
2018-08-25 13:10:27,50.036591,50.034481
2018-08-25 13:10:28,50.029987,50.031326
2018-08-25 13:10:29,50.028652,50.028236
2018-08-25 13:10:30,50.023754,50.024296
2018-08-25 13:10:31,50.020489,50.019962
2018-08-25 13:10:32,50.016422,50.017223
2018-08-25 13:10:33,50.014618,50.013119
2018-08-25 13:10:34,50.010872,50.010559
2018-08-25 13:10:35,50.007065,50.005886
2018-08-25 13:10:36,50.000294,50.002235
2018-08-25 13:10:37,50.001644,50.000198
2018-08-25 13:10:38,49.998573,49.997822
2018-08-25 13:10:39,49.993176,49.995472
2018-08-25 13:10:40,49.998669,49.999928
2018-08-25 13:10:41,50.005974,50.003719
2018-08-25 13:10:42,50.00753,50.008499
2018-08-25 13:10:43,50.013409,50.014278
2018-08-25 13:10:44,50.020348,50.01804
2018-08-25 13:10:45,50.018383,50.016621
2018-08-25 13:10:46,50.01265,50.014904
2018-08-25 13:10:47,50.017445,50.018147
2018-08-25 13:10:48,50.023533,50.019497
2018-08-25 13:10:49,50.014454,50.015461
2018-08-25 13:10:50,50.0117,50.013641
2018-08-25 13:10:51,50.018238,50.014412
2018-08-25 13:10:52,50.015003,50.015358
2018-08-25 13:10:53,50.013672,50.014778
2018-08-25 13:10:54,50.016163,50.014782
2018-08-25 13:10:55,50.013721,50.014141
2018-08-25 13:10:56,50.011143,50.010361
2018-08-25 13:10:57,50.005962,50.006939
2018-08-25 13:10:58,50.006634,50.007805
2018-08-25 13:10:59,50.012646,50.009163
2018-08-25 13:11:00,50.008263,50.010227
2018-08-25 13:11:01,50.012215,50.013882
2018-08-25 13:11:02,50.022232,50.020821
2018-08-25 13:11:03,50.025749,50.025642
2018-08-25 13:11:04,50.027824,50.028439
2018-08-25 13:11:05,50.032478,50.032772
2018-08-25 13:11:06,50.036804,50.037827
2018-08-25 13:11:07,50.042091,50.041397
2018-08-25 13:11:08,50.045044,50.043785
2018-08-25 13:11:09,50.042076,50.04076
2018-08-25 13:11:10,50.033474,50.036259
2018-08-25 13:11:11,50.03252,50.033134
2018-08-25 13:11:12,50.031315,50.030479
2018-08-25 13:11:13,50.023239,50.024456
2018-08-25 13:11:14,50.017948,50.017334
2018-08-25 13:11:15,50.011738,50.011158
2018-08-25 13:11:16,50.007065,50.007725
2018-08-25 13:11:17,50.006199,50.004364
2018-08-25 13:11:18,49.998875,49.99931
2018-08-25 13:11:19,49.994923,49.995731
2018-08-25 13:11:20,49.994118,49.991898
2018-08-25 13:11:21,49.987679,49.987804
2018-08-25 13:11:22,49.98381,49.984863
2018-08-25 13:11:23,49.984547,49.982693
2018-08-25 13:11:24,49.98156,49.983562
2018-08-25 13:11:25,49.985596,49.985168
2018-08-25 13:11:26,49.989365,49.988308
2018-08-25 13:11:27,49.987492,49.988762
2018-08-25 13:11:28,49.988594,49.989494
2018-08-25 13:11:29,49.992722,49.993137
2018-08-25 13:11:30,49.994709,49.994942
2018-08-25 13:11:31,49.996136,49.995911
2018-08-25 13:11:32,49.994453,49.996048
2018-08-25 13:11:33,49.996315,49.99514
2018-08-25 13:11:34,49.993607,49.993275
2018-08-25 13:11:35,49.98999,49.989063
2018-08-25 13:11:36,49.986229,49.987526
2018-08-25 13:11:37,49.986996,49.986469
2018-08-25 13:11:38,49.986183,49.986008
2018-08-25 13:11:39,49.981426,49.970097
2018-08-25 13:11:40,49.931496,49.930325
2018-08-25 13:11:41,49.8773,49.840557
2018-08-25 13:11:42,49.693211,49.654186
2018-08-25 13:11:43,49.461517,49.498123
2018-08-25 13:11:44,49.381714,49.345242
2018-08-25 13:11:45,49.248882,49.269493
2018-08-25 13:11:46,49.210228,49.181721
2018-08-25 13:11:47,49.375328,49.100994
2018-08-25 13:11:48,49.931236,48.994961
2018-08-25 13:11:49,50.28931,49.069111
2018-08-25 13:11:50,50.427486,49.184296
2018-08-25 13:11:51,50.45248,49.310478
2018-08-25 13:11:52,50.406788,49.431503
2018-08-25 13:11:53,50.338711,49.538418
2018-08-25 13:11:54,50.248573,49.631279
2018-08-25 13:11:55,50.143524,49.707012
2018-08-25 13:11:56,50.043728,49.763668
2018-08-25 13:11:57,49.961845,49.799774
2018-08-25 13:11:58,49.915966,49.836391
2018-08-25 13:11:59,49.909523,49.861111
2018-08-25 13:12:00,49.930237,49.879951
2018-08-25 13:12:01,49.964996,49.891777
2018-08-25 13:12:02,50.002357,49.897034
2018-08-25 13:12:03,50.033886,49.900688
2018-08-25 13:12:04,50.053253,49.902138
2018-08-25 13:12:05,50.06147,49.904774
2018-08-25 13:12:06,50.062901,49.907352
2018-08-25 13:12:07,50.062813,49.910088
2018-08-25 13:12:08,50.066433,49.909023
2018-08-25 13:12:09,50.069786,49.903423
2018-08-25 13:12:10,50.070759,49.895386
2018-08-25 13:12:11,50.074074,49.883801
2018-08-25 13:12:12,50.078732,49.87043
2018-08-25 13:12:13,50.081635,49.863342
2018-08-25 13:12:14,50.083969,49.850895
2018-08-25 13:12:15,50.087345,49.839474
2018-08-25 13:12:16,50.090221,49.827457
2018-08-25 13:12:17,50.093163,49.816528
2018-08-25 13:12:18,50.101364,49.809101
2018-08-25 13:12:19,50.116135,49.801067
2018-08-25 13:12:20,50.126419,49.795361
2018-08-25 13:12:21,50.129658,49.793774
2018-08-25 13:12:22,50.131836,49.798901
2018-08-25 13:12:23,50.134884,49.808483
2018-08-25 13:12:24,50.140816,49.811787
2018-08-25 13:12:25,50.152393,49.81673
2018-08-25 13:12:26,50.161381,49.819595
2018-08-25 13:12:27,50.155769,49.820938
2018-08-25 13:12:28,50.145988,49.817505
2018-08-25 13:12:29,50.137566,49.811996
2018-08-25 13:12:30,50.130596,49.805336
2018-08-25 13:12:31,50.1292,49.802677
2018-08-25 13:12:32,50.129772,49.798237
2018-08-25 13:12:33,50.130165,49.794533
2018-08-25 13:12:34,50.133701,49.794205
2018-08-25 13:12:35,50.136024,49.793739
2018-08-25 13:12:36,50.135185,49.797634
2018-08-25 13:12:37,50.135098,49.804157
2018-08-25 13:12:38,50.14135,49.813156
2018-08-25 13:12:39,50.152664,49.824497
2018-08-25 13:12:40,50.159618,49.830017
2018-08-25 13:12:41,50.160622,49.832008
2018-08-25 13:12:42,50.157425,49.833961
2018-08-25 13:12:43,50.152206,49.82798
2018-08-25 13:12:44,50.150089,49.820835
2018-08-25 13:12:45,50.151054,49.814461
2018-08-25 13:12:46,50.153194,49.806816
2018-08-25 13:12:47,50.156559,49.796139
2018-08-25 13:12:48,50.158077,49.78738
2018-08-25 13:12:49,50.15818,49.780197
2018-08-25 13:12:50,50.156746,49.779663
2018-08-25 13:12:51,50.155682,49.782494
2018-08-25 13:12:52,50.157284,49.791115
2018-08-25 13:12:53,50.160702,49.796444
2018-08-25 13:12:54,50.166416,49.804165
2018-08-25 13:12:55,50.171455,49.812309
2018-08-25 13:12:56,50.174278,49.818516
2018-08-25 13:12:57,50.175182,49.824051
2018-08-25 13:12:58,50.17709,49.828678
2018-08-25 13:12:59,50.180599,49.830963
2018-08-25 13:13:00,50.181255,49.835949
2018-08-25 13:13:01,50.180988,49.841766
2018-08-25 13:13:02,50.180725,49.848709
2018-08-25 13:13:03,50.180988,49.862022
2018-08-25 13:13:04,50.181465,49.873142
2018-08-25 13:13:05,50.182762,49.88044
2018-08-25 13:13:06,50.184937,49.886707
2018-08-25 13:13:07,50.186279,49.886547
2018-08-25 13:13:08,50.185646,49.885212
2018-08-25 13:13:09,50.185413,49.882538
2018-08-25 13:13:10,50.184502,49.88488
2018-08-25 13:13:11,50.181484,49.886658
2018-08-25 13:13:12,50.178688,49.886768
2018-08-25 13:13:13,50.177608,49.887741
2018-08-25 13:13:14,50.178303,49.891884
2018-08-25 13:13:15,50.179707,49.893147
2018-08-25 13:13:16,50.181065,49.894394
2018-08-25 13:13:17,50.1819,49.899384
2018-08-25 13:13:18,50.182838,49.905754
2018-08-25 13:13:19,50.183266,49.91066
2018-08-25 13:13:20,50.182163,49.914707
2018-08-25 13:13:21,50.180706,49.917225
2018-08-25 13:13:22,50.180874,49.917801
2018-08-25 13:13:23,50.184273,49.915493
2018-08-25 13:13:24,50.189548,49.91127
2018-08-25 13:13:25,50.19463,49.905212
2018-08-25 13:13:26,50.198116,49.894535
2018-08-25 13:13:27,50.198597,49.885456
2018-08-25 13:13:28,50.199173,49.878471
2018-08-25 13:13:29,50.199245,49.871773
2018-08-25 13:13:30,50.195961,49.86232
2018-08-25 13:13:31,50.1894,49.852772
2018-08-25 13:13:32,50.182114,49.843754
2018-08-25 13:13:33,50.177547,49.837292
2018-08-25 13:13:34,50.176674,49.837437
2018-08-25 13:13:35,50.179691,49.838753
2018-08-25 13:13:36,50.187107,49.838474
2018-08-25 13:13:37,50.19677,49.845238
2018-08-25 13:13:38,50.204197,49.853542
2018-08-25 13:13:39,50.211601,49.859798
2018-08-25 13:13:40,50.215797,49.863174
2018-08-25 13:13:41,50.216145,49.869923
2018-08-25 13:13:42,50.213169,49.873783
2018-08-25 13:13:43,50.206188,49.873936
2018-08-25 13:13:44,50.196861,49.877342
2018-08-25 13:13:45,50.188667,49.881714
2018-08-25 13:13:46,50.184361,49.887619
2018-08-25 13:13:47,50.183636,49.889416
2018-08-25 13:13:48,50.184975,49.896702
2018-08-25 13:13:49,50.187698,49.900913
2018-08-25 13:13:50,50.193676,49.900253
2018-08-25 13:13:51,50.200264,49.901882
2018-08-25 13:13:52,50.207237,49.90469
2018-08-25 13:13:53,50.212692,49.902958
2018-08-25 13:13:54,50.215534,49.901131
2018-08-25 13:13:55,50.215652,49.896729
2018-08-25 13:13:56,50.211987,49.894234
2018-08-25 13:13:57,50.206242,49.891163
2018-08-25 13:13:58,50.20393,49.886963
2018-08-25 13:13:59,50.204613,49.880287
2018-08-25 13:14:00,50.205303,49.875397
2018-08-25 13:14:01,50.207294,49.874405
2018-08-25 13:14:02,50.212402,49.87244
2018-08-25 13:14:03,50.220211,49.871784
2018-08-25 13:14:04,50.224945,49.872078
2018-08-25 13:14:05,50.224545,49.874039
2018-08-25 13:14:06,50.224716,49.874451
2018-08-25 13:14:07,50.223312,49.876694
2018-08-25 13:14:08,50.219513,49.880272
2018-08-25 13:14:09,50.218079,49.883156
2018-08-25 13:14:10,50.218811,49.88382
2018-08-25 13:14:11,50.219276,49.879803
2018-08-25 13:14:12,50.220898,49.873867
2018-08-25 13:14:13,50.222511,49.864243
2018-08-25 13:14:14,50.222507,49.855145
2018-08-25 13:14:15,50.219162,49.847282
2018-08-25 13:14:16,50.215111,49.840496
2018-08-25 13:14:17,50.212421,49.834599
2018-08-25 13:14:18,50.210903,49.83358
2018-08-25 13:14:19,50.20974,49.839386
2018-08-25 13:14:20,50.213402,49.848465
2018-08-25 13:14:21,50.217903,49.858028
2018-08-25 13:14:22,50.220932,49.869804
2018-08-25 13:14:23,50.226791,49.877213
2018-08-25 13:14:24,50.232216,49.882236
2018-08-25 13:14:25,50.233158,49.884087
2018-08-25 13:14:26,50.229267,49.884254
2018-08-25 13:14:27,50.220062,49.888866
2018-08-25 13:14:28,50.20554,49.890228
2018-08-25 13:14:29,50.190235,49.894012
2018-08-25 13:14:30,50.178204,49.892471
2018-08-25 13:14:31,50.173801,49.89362
2018-08-25 13:14:32,50.176437,49.89658
2018-08-25 13:14:33,50.182354,49.896717
2018-08-25 13:14:34,50.192177,49.896988
2018-08-25 13:14:35,50.208511,49.900562
2018-08-25 13:14:36,50.224075,49.902843
2018-08-25 13:14:37,50.231335,49.903267
2018-08-25 13:14:38,50.232929,49.904457
2018-08-25 13:14:39,50.229473,49.909306
2018-08-25 13:14:40,50.219398,49.911827
2018-08-25 13:14:41,50.20623,49.915318
2018-08-25 13:14:42,50.193275,49.91769
2018-08-25 13:14:43,50.183357,49.919769
2018-08-25 13:14:44,50.179249,49.920918
2018-08-25 13:14:45,50.177696,49.92495
2018-08-25 13:14:46,50.178802,49.931499
2018-08-25 13:14:47,50.184715,49.940525
2018-08-25 13:14:48,50.196075,49.949783
2018-08-25 13:14:49,50.209099,49.95734
2018-08-25 13:14:50,50.221237,49.959381
2018-08-25 13:14:51,50.229702,49.959045
2018-08-25 13:14:52,50.232964,49.95874
2018-08-25 13:14:53,50.232758,49.959389
2018-08-25 13:14:54,50.226448,49.964809
2018-08-25 13:14:55,50.217373,49.966007
2018-08-25 13:14:56,50.207325,49.969975
2018-08-25 13:14:57,50.196442,49.973419
2018-08-25 13:14:58,50.188816,49.976257
2018-08-25 13:14:59,50.187225,49.977848
2018-08-25 13:15:00,50.190868,49.983204
2018-08-25 13:15:01,50.197411,49.986145
2018-08-25 13:15:02,50.206989,49.992767
2018-08-25 13:15:03,50.216095,49.999397
2018-08-25 13:15:04,50.222282,50.003117
2018-08-25 13:15:05,50.224804,50.009094
2018-08-25 13:15:06,50.222347,50.014988
2018-08-25 13:15:07,50.215805,50.019157
2018-08-25 13:15:08,50.205338,50.016228
2018-08-25 13:15:09,50.193138,50.012024
2018-08-25 13:15:10,50.181358,50.016884
2018-08-25 13:15:11,50.173447,50.031704
2018-08-25 13:15:12,50.170532,50.042126
2018-08-25 13:15:13,50.176571,50.042168
2018-08-25 13:15:14,50.188828,50.033962
2018-08-25 13:15:15,50.203896,50.028866
2018-08-25 13:15:16,50.219383,50.025768
2018-08-25 13:15:17,50.233257,50.026588
2018-08-25 13:15:18,50.241493,50.024521
2018-08-25 13:15:19,50.242825,50.023689
2018-08-25 13:15:20,50.239552,50.024536
2018-08-25 13:15:21,50.232536,50.02504
2018-08-25 13:15:22,50.223694,50.025486
2018-08-25 13:15:23,50.2159,50.022865
2018-08-25 13:15:24,50.21101,50.020565
2018-08-25 13:15:25,50.208061,50.019627
2018-08-25 13:15:26,50.206081,50.021839
2018-08-25 13:15:27,50.206036,50.023872
2018-08-25 13:15:28,50.20752,50.029369
2018-08-25 13:15:29,50.211166,50.035484
2018-08-25 13:15:30,50.219753,50.041744
2018-08-25 13:15:31,50.227962,50.044548
2018-08-25 13:15:32,50.229931,50.044659
2018-08-25 13:15:33,50.228622,50.0466
2018-08-25 13:15:34,50.226227,50.049541
2018-08-25 13:15:35,50.223751,50.054325
2018-08-25 13:15:36,50.221592,50.057205
2018-08-25 13:15:37,50.219604,50.059616
2018-08-25 13:15:38,50.217911,50.06411
2018-08-25 13:15:39,50.216457,50.071312
2018-08-25 13:15:40,50.217308,50.076893
2018-08-25 13:15:41,50.217628,50.082455
2018-08-25 13:15:42,50.216076,50.083157
2018-08-25 13:15:43,50.21336,50.083717
2018-08-25 13:15:44,50.208466,50.078655
2018-08-25 13:15:45,50.202324,50.074726
2018-08-25 13:15:46,50.198441,50.069885
2018-08-25 13:15:47,50.197899,50.067123
2018-08-25 13:15:48,50.199318,50.068226
2018-08-25 13:15:49,50.20153,50.073421
2018-08-25 13:15:50,50.20504,50.077763
2018-08-25 13:15:51,50.21093,50.081528
2018-08-25 13:15:52,50.216297,50.085945
2018-08-25 13:15:53,50.218906,50.090641
2018-08-25 13:15:54,50.218235,50.097469
2018-08-25 13:15:55,50.215363,50.103424
2018-08-25 13:15:56,50.210384,50.106541
2018-08-25 13:15:57,50.204716,50.110069
2018-08-25 13:15:58,50.198116,50.113598
2018-08-25 13:15:59,50.193298,50.111599
2018-08-25 13:16:00,50.190067,50.108799
2018-08-25 13:16:01,50.188095,50.104847
2018-08-25 13:16:02,50.191177,50.09837
2018-08-25 13:16:03,50.20023,50.091873
2018-08-25 13:16:04,50.215099,50.085285
2018-08-25 13:16:05,50.228767,50.082249
2018-08-25 13:16:06,50.237892,50.081528
2018-08-25 13:16:07,50.241089,50.080849
2018-08-25 13:16:08,50.240437,50.080151
2018-08-25 13:16:09,50.235554,50.077953
2018-08-25 13:16:10,50.225819,50.0765
2018-08-25 13:16:11,50.215988,50.074528
2018-08-25 13:16:12,50.207569,50.071217
2018-08-25 13:16:13,50.200634,50.067356
2018-08-25 13:16:14,50.196266,50.065662
2018-08-25 13:16:15,50.195152,50.062984
2018-08-25 13:16:16,50.194836,50.061249
2018-08-25 13:16:17,50.196835,50.059616
2018-08-25 13:16:18,50.20219,50.058727
2018-08-25 13:16:19,50.206379,50.057156
2018-08-25 13:16:20,50.208275,50.057537
2018-08-25 13:16:21,50.210606,50.056515
2018-08-25 13:16:22,50.215141,50.053135
2018-08-25 13:16:23,50.218716,50.047348
2018-08-25 13:16:24,50.220894,50.043251
2018-08-25 13:16:25,50.220409,50.041634
2018-08-25 13:16:26,50.217094,50.040989
2018-08-25 13:16:27,50.213951,50.043484
2018-08-25 13:16:28,50.210796,50.047779
2018-08-25 13:16:29,50.205231,50.050205
2018-08-25 13:16:30,50.200722,50.050121
2018-08-25 13:16:31,50.196598,50.048061
2018-08-25 13:16:32,50.1917,50.047176
2018-08-25 13:16:33,50.190083,50.043369
2018-08-25 13:16:34,50.189247,50.036606
2018-08-25 13:16:35,50.189579,50.033394
2018-08-25 13:16:36,50.193668,50.029408
2018-08-25 13:16:37,50.200722,50.023319
2018-08-25 13:16:38,50.210251,50.020416
2018-08-25 13:16:39,50.220047,50.019993
2018-08-25 13:16:40,50.227398,50.021915
2018-08-25 13:16:41,50.230057,50.029606
2018-08-25 13:16:42,50.229591,50.037354
2018-08-25 13:16:43,50.226456,50.042686
2018-08-25 13:16:44,50.223633,50.046223
2018-08-25 13:16:45,50.223785,50.047474
2018-08-25 13:16:46,50.226032,50.047123
2018-08-25 13:16:47,50.226875,50.044125
2018-08-25 13:16:48,50.224388,50.039913
2018-08-25 13:16:49,50.221569,50.036064
2018-08-25 13:16:50,50.217403,50.03286
2018-08-25 13:16:51,50.20673,50.029064
2018-08-25 13:16:52,50.195278,50.027309
2018-08-25 13:16:53,50.188217,50.02813
2018-08-25 13:16:54,50.184589,50.030727
2018-08-25 13:16:55,50.182583,50.034466
2018-08-25 13:16:56,50.182812,50.036701
2018-08-25 13:16:57,50.187447,50.037811
2018-08-25 13:16:58,50.198357,50.034019
2018-08-25 13:16:59,50.213013,50.031048
2018-08-25 13:17:00,50.227764,50.029892
2018-08-25 13:17:01,50.238556,50.027416
2018-08-25 13:17:02,50.242729,50.02174
2018-08-25 13:17:03,50.244492,50.017529
2018-08-25 13:17:04,50.247971,50.008965
2018-08-25 13:17:05,50.250484,49.993847
2018-08-25 13:17:06,50.249229,49.981014
2018-08-25 13:17:07,50.241463,49.969528
2018-08-25 13:17:08,50.232121,49.953732
2018-08-25 13:17:09,50.225307,49.939762
2018-08-25 13:17:10,50.220379,49.92878
2018-08-25 13:17:11,50.219631,49.919098
2018-08-25 13:17:12,50.227207,49.911434
2018-08-25 13:17:13,50.248962,49.904819
2018-08-25 13:17:14,50.273716,49.902081
2018-08-25 13:17:15,50.292164,49.904957
2018-08-25 13:17:16,50.304146,49.906857
2018-08-25 13:17:17,50.31126,49.903587
2018-08-25 13:17:18,50.312386,49.901405
2018-08-25 13:17:19,50.309593,49.899529
2018-08-25 13:17:20,50.30648,49.897186
2018-08-25 13:17:21,50.3027,49.894764
2018-08-25 13:17:22,50.295811,49.892769
2018-08-25 13:17:23,50.288166,49.892006
2018-08-25 13:17:24,50.281845,49.890099
2018-08-25 13:17:25,50.277035,49.888977
2018-08-25 13:17:26,50.273766,49.887951
2018-08-25 13:17:27,50.271317,49.885174
2018-08-25 13:17:28,50.268726,49.879917
2018-08-25 13:17:29,50.266193,49.875565
2018-08-25 13:17:30,50.267437,49.869049
2018-08-25 13:17:31,50.270588,49.862049
2018-08-25 13:17:32,50.274094,49.857521
2018-08-25 13:17:33,50.277443,49.853523
2018-08-25 13:17:34,50.280045,49.85083
2018-08-25 13:17:35,50.283112,49.848175
2018-08-25 13:17:36,50.286896,49.843285
2018-08-25 13:17:37,50.293091,49.839848
2018-08-25 13:17:38,50.300922,49.839561
2018-08-25 13:17:39,50.308472,49.842518
2018-08-25 13:17:40,50.313942,49.847191
2018-08-25 13:17:41,50.317101,49.851974
2018-08-25 13:17:42,50.317764,49.856747
2018-08-25 13:17:43,50.317661,49.859688
2018-08-25 13:17:44,50.317032,49.860348
2018-08-25 13:17:45,50.315166,49.856579
2018-08-25 13:17:46,50.314114,49.850582
2018-08-25 13:17:47,50.313038,49.841995
2018-08-25 13:17:48,50.31094,49.832886
2018-08-25 13:17:49,50.308132,49.824276
2018-08-25 13:17:50,50.30505,49.818821
2018-08-25 13:17:51,50.304607,49.815701
2018-08-25 13:17:52,50.304337,49.815063
2018-08-25 13:17:53,50.302029,49.818401
2018-08-25 13:17:54,50.299503,49.823006
2018-08-25 13:17:55,50.296459,49.825245
2018-08-25 13:17:56,50.293991,49.826637
2018-08-25 13:17:57,50.293026,49.82925
2018-08-25 13:17:58,50.293598,49.832508
2018-08-25 13:17:59,50.296127,49.833374
2018-08-25 13:18:00,50.299946,49.828991
2018-08-25 13:18:01,50.301723,49.822376
2018-08-25 13:18:02,50.303097,49.818001
2018-08-25 13:18:03,50.306019,49.814117
2018-08-25 13:18:04,50.311893,49.811954
2018-08-25 13:18:05,50.317863,49.812401
2018-08-25 13:18:06,50.321888,49.814423
2018-08-25 13:18:07,50.324623,49.816509
2018-08-25 13:18:08,50.32827,49.816837
2018-08-25 13:18:09,50.331947,49.816544
2018-08-25 13:18:10,50.334229,49.814045
2018-08-25 13:18:11,50.333736,49.812111
2018-08-25 13:18:12,50.330864,49.809216
2018-08-25 13:18:13,50.326591,49.804268
2018-08-25 13:18:14,50.325485,49.799332
2018-08-25 13:18:15,50.327461,49.797077
2018-08-25 13:18:16,50.330872,49.797298
2018-08-25 13:18:17,50.334293,49.802494
2018-08-25 13:18:18,50.337059,49.812477
2018-08-25 13:18:19,50.338997,49.828201
2018-08-25 13:18:20,50.33979,49.843082
2018-08-25 13:18:21,50.339298,49.853703
2018-08-25 13:18:22,50.338715,49.859516
2018-08-25 13:18:23,50.340897,49.86219
2018-08-25 13:18:24,50.345844,49.859009
2018-08-25 13:18:25,50.348537,49.852165
2018-08-25 13:18:26,50.346931,49.843216
2018-08-25 13:18:27,50.346043,49.831837
2018-08-25 13:18:28,50.34684,49.823437
2018-08-25 13:18:29,50.349316,49.814251
2018-08-25 13:18:30,50.353008,49.806313
2018-08-25 13:18:31,50.353237,49.796513
2018-08-25 13:18:32,50.349178,49.790977
2018-08-25 13:18:33,50.34407,49.792778
2018-08-25 13:18:34,50.340302,49.800934
2018-08-25 13:18:35,50.340748,49.812298
2018-08-25 13:18:36,50.347164,49.824337
2018-08-25 13:18:37,50.353497,49.836338
2018-08-25 13:18:38,50.360596,49.843994
2018-08-25 13:18:39,50.366188,49.849285
2018-08-25 13:18:40,50.364822,49.85125
2018-08-25 13:18:41,50.361206,49.85001
2018-08-25 13:18:42,50.359554,49.84409
2018-08-25 13:18:43,50.360481,49.833439
2018-08-25 13:18:44,50.364933,49.823689
2018-08-25 13:18:45,50.371452,49.814789
2018-08-25 13:18:46,50.378849,49.807491
2018-08-25 13:18:47,50.386486,49.799862
2018-08-25 13:18:48,50.392838,49.796848
2018-08-25 13:18:49,50.397854,49.801273
2018-08-25 13:18:50,50.400642,49.811321
2018-08-25 13:18:51,50.399227,49.823349
2018-08-25 13:18:52,50.397766,49.8316
2018-08-25 13:18:53,50.401684,49.834526
2018-08-25 13:18:54,50.409115,49.835712
2018-08-25 13:18:55,50.418518,49.835438
2018-08-25 13:18:56,50.428207,49.830502
2018-08-25 13:18:57,50.43425,49.822433
2018-08-25 13:18:58,50.437592,49.812031
2018-08-25 13:18:59,50.435833,49.80291
2018-08-25 13:19:00,50.427464,49.796814
2018-08-25 13:19:01,50.416573,49.7938
2018-08-25 13:19:02,50.406269,49.795918
2018-08-25 13:19:03,50.397911,49.800282
2018-08-25 13:19:04,50.392635,49.806927
2018-08-25 13:19:05,50.391384,49.814541
2018-08-25 13:19:06,50.392632,49.823048
2018-08-25 13:19:07,50.395687,49.829533
2018-08-25 13:19:08,50.399559,49.831352
2018-08-25 13:19:09,50.403126,49.831879
2018-08-25 13:19:10,50.402737,49.833317
2018-08-25 13:19:11,50.399063,49.832767
2018-08-25 13:19:12,50.394032,49.830101
2018-08-25 13:19:13,50.389107,49.825676
2018-08-25 13:19:14,50.385006,49.820511
2018-08-25 13:19:15,50.381313,49.810577
2018-08-25 13:19:16,50.377834,49.800743
2018-08-25 13:19:17,50.374935,49.796932
2018-08-25 13:19:18,50.373886,49.795574
2018-08-25 13:19:19,50.375946,49.794994
2018-08-25 13:19:20,50.379162,49.796551
2018-08-25 13:19:21,50.383026,49.800613
2018-08-25 13:19:22,50.386288,49.805248
2018-08-25 13:19:23,50.388863,49.809429
2018-08-25 13:19:24,50.389698,49.809597
2018-08-25 13:19:25,50.387928,49.807812
2018-08-25 13:19:26,50.384487,49.806335
2018-08-25 13:19:27,50.379696,49.809101
2018-08-25 13:19:28,50.374805,49.812538
2018-08-25 13:19:29,50.371063,49.816555
2018-08-25 13:19:30,50.365757,49.818985
2018-08-25 13:19:31,50.358429,49.819572
2018-08-25 13:19:32,50.349789,49.818619
2018-08-25 13:19:33,50.342457,49.816143
2018-08-25 13:19:34,50.338337,49.813927
2018-08-25 13:19:35,50.33757,49.811462
2018-08-25 13:19:36,50.338997,49.807995
2018-08-25 13:19:37,50.343555,49.805424
2018-08-25 13:19:38,50.350792,49.803883
2018-08-25 13:19:39,50.3587,49.802155
2018-08-25 13:19:40,50.364758,49.800442
2018-08-25 13:19:41,50.368053,49.799541
2018-08-25 13:19:42,50.368279,49.79797
2018-08-25 13:19:43,50.367893,49.79689
2018-08-25 13:19:44,50.365742,49.797993
2018-08-25 13:19:45,50.363316,49.799644
2018-08-25 13:19:46,50.361809,49.801765
2018-08-25 13:19:47,50.359982,49.805344
2018-08-25 13:19:48,50.360737,49.809341
2018-08-25 13:19:49,50.36327,49.812656
2018-08-25 13:19:50,50.366364,49.816002
2018-08-25 13:19:51,50.371288,49.818417
2018-08-25 13:19:52,50.376614,49.81921
2018-08-25 13:19:53,50.381054,49.819588
2018-08-25 13:19:54,50.386196,49.818951
2018-08-25 13:19:55,50.389706,49.815029
2018-08-25 13:19:56,50.391193,49.808834
2018-08-25 13:19:57,50.392242,49.801807
2018-08-25 13:19:58,50.394676,49.798042
2018-08-25 13:19:59,50.399319,49.801815
2018-08-25 13:20:00,50.402573,49.804398
2018-08-25 13:20:01,50.404343,49.804008
2018-08-25 13:20:02,50.404499,49.801384
2018-08-25 13:20:03,50.402512,49.800316
2018-08-25 13:20:04,50.399265,49.800678
2018-08-25 13:20:05,50.396984,49.801414
2018-08-25 13:20:06,50.395496,49.801624
2018-08-25 13:20:07,50.392529,49.803493
2018-08-25 13:20:08,50.392162,49.808331
2018-08-25 13:20:09,50.399105,49.813793
2018-08-25 13:20:10,50.407932,49.821949
2018-08-25 13:20:11,50.41357,49.829994
2018-08-25 13:20:12,50.416649,49.833836
2018-08-25 13:20:13,50.417164,49.830463
2018-08-25 13:20:14,50.417252,49.82288
2018-08-25 13:20:15,50.417316,49.814819
2018-08-25 13:20:16,50.418877,49.808533
2018-08-25 13:20:17,50.421707,49.806549
2018-08-25 13:20:18,50.424019,49.806149
2018-08-25 13:20:19,50.424294,49.808544
2018-08-25 13:20:20,50.424171,49.813042
2018-08-25 13:20:21,50.423454,49.817833
2018-08-25 13:20:22,50.423111,49.819427
2018-08-25 13:20:23,50.424511,49.818573
2018-08-25 13:20:24,50.427696,49.818085
2018-08-25 13:20:25,50.432365,49.815456
2018-08-25 13:20:26,50.438305,49.81039
2018-08-25 13:20:27,50.442959,49.806286
2018-08-25 13:20:28,50.445866,49.8013
2018-08-25 13:20:29,50.446697,49.797558
2018-08-25 13:20:30,50.447437,49.79752
2018-08-25 13:20:31,50.446564,49.799664
2018-08-25 13:20:32,50.44635,49.803551
2018-08-25 13:20:33,50.447338,49.808777
2018-08-25 13:20:34,50.451313,49.814667
2018-08-25 13:20:35,50.456707,49.819336
2018-08-25 13:20:36,50.460297,49.823151
2018-08-25 13:20:37,50.461346,49.827553
2018-08-25 13:20:38,50.459522,49.830673
2018-08-25 13:20:39,50.454018,49.832195
2018-08-25 13:20:40,50.447292,49.832176
2018-08-25 13:20:41,50.442993,49.829479
2018-08-25 13:20:42,50.44183,49.821693
2018-08-25 13:20:43,50.441738,49.811691
2018-08-25 13:20:44,50.442966,49.80188
2018-08-25 13:20:45,50.445911,49.793938
2018-08-25 13:20:46,50.449291,49.792603
2018-08-25 13:20:47,50.451317,49.797626
2018-08-25 13:20:48,50.45092,49.808823
2018-08-25 13:20:49,50.447559,49.822685
2018-08-25 13:20:50,50.443027,49.835522
2018-08-25 13:20:51,50.436649,49.846195
2018-08-25 13:20:52,50.426918,49.853477
2018-08-25 13:20:53,50.416718,49.85704
2018-08-25 13:20:54,50.408314,49.859188
2018-08-25 13:20:55,50.402542,49.859074
2018-08-25 13:20:56,50.396599,49.855545
2018-08-25 13:20:57,50.390362,49.849068
2018-08-25 13:20:58,50.385349,49.84169
2018-08-25 13:20:59,50.381886,49.83511
2018-08-25 13:21:00,50.378632,49.830025
2018-08-25 13:21:01,50.375412,49.82542
2018-08-25 13:21:02,50.373859,49.822609
2018-08-25 13:21:03,50.372269,49.820038
2018-08-25 13:21:04,50.367752,49.817043
2018-08-25 13:21:05,50.364319,49.81493
2018-08-25 13:21:06,50.364315,49.814423
2018-08-25 13:21:07,50.367088,49.815239
2018-08-25 13:21:08,50.374413,49.815655
2018-08-25 13:21:09,50.381989,49.817013
2018-08-25 13:21:10,50.385803,49.820084
2018-08-25 13:21:11,50.386616,49.823326
2018-08-25 13:21:12,50.383759,49.826672
2018-08-25 13:21:13,50.375725,49.829365
2018-08-25 13:21:14,50.363701,49.830723
2018-08-25 13:21:15,50.351337,49.831993
2018-08-25 13:21:16,50.342442,49.83532
2018-08-25 13:21:17,50.337303,49.837269
2018-08-25 13:21:18,50.333122,49.838696
2018-08-25 13:21:19,50.33033,49.841099
2018-08-25 13:21:20,50.32988,49.843124
2018-08-25 13:21:21,50.329735,49.844543
2018-08-25 13:21:22,50.327702,49.844063
2018-08-25 13:21:23,50.324547,49.840954
2018-08-25 13:21:24,50.320282,49.836124
2018-08-25 13:21:25,50.317043,49.833504
2018-08-25 13:21:26,50.316795,49.833958
2018-08-25 13:21:27,50.319378,49.836178
2018-08-25 13:21:28,50.320995,49.840996
2018-08-25 13:21:29,50.320961,49.847149
2018-08-25 13:21:30,50.318523,49.851772
2018-08-25 13:21:31,50.317078,49.854259
2018-08-25 13:21:32,50.31678,49.855419
2018-08-25 13:21:33,50.315887,49.854858
2018-08-25 13:21:34,50.316696,49.852551
2018-08-25 13:21:35,50.316448,49.848621
2018-08-25 13:21:36,50.313095,49.843517
2018-08-25 13:21:37,50.309402,49.840446
2018-08-25 13:21:38,50.306492,49.838428
2018-08-25 13:21:39,50.303734,49.836277
2018-08-25 13:21:40,50.30415,49.835003
2018-08-25 13:21:41,50.311295,49.835056
2018-08-25 13:21:42,50.317856,49.836071
2018-08-25 13:21:43,50.320236,49.837765
2018-08-25 13:21:44,50.318954,49.839031
2018-08-25 13:21:45,50.316998,49.843655
2018-08-25 13:21:46,50.312702,49.852737
2018-08-25 13:21:47,50.30587,49.86116
2018-08-25 13:21:48,50.299946,49.867546
2018-08-25 13:21:49,50.294853,49.870243
2018-08-25 13:21:50,50.290668,49.870251
2018-08-25 13:21:51,50.289757,49.869789
2018-08-25 13:21:52,50.289516,49.869553
2018-08-25 13:21:53,50.287674,49.867783
2018-08-25 13:21:54,50.284756,49.863632
2018-08-25 13:21:55,50.280159,49.859062
2018-08-25 13:21:56,50.275032,49.853653
2018-08-25 13:21:57,50.269482,49.84948
2018-08-25 13:21:58,50.262367,49.847218
2018-08-25 13:21:59,50.257191,49.846458
2018-08-25 13:22:00,50.255753,49.847324
2018-08-25 13:22:01,50.255093,49.851669
2018-08-25 13:22:02,50.253086,49.85928
2018-08-25 13:22:03,50.247768,49.868855
2018-08-25 13:22:04,50.239929,49.877163
2018-08-25 13:22:05,50.232582,49.882877
2018-08-25 13:22:06,50.227356,49.887474
2018-08-25 13:22:07,50.225098,49.889877
2018-08-25 13:22:08,50.224895,49.891735
2018-08-25 13:22:09,50.223709,49.890156
2018-08-25 13:22:10,50.221073,49.886246
2018-08-25 13:22:11,50.21748,49.879719
2018-08-25 13:22:12,50.21344,49.872158
2018-08-25 13:22:13,50.210251,49.865215
2018-08-25 13:22:14,50.20816,49.863293
2018-08-25 13:22:15,50.207573,49.866516
2018-08-25 13:22:16,50.209522,49.872169
2018-08-25 13:22:17,50.211025,49.878948
2018-08-25 13:22:18,50.209087,49.885372
2018-08-25 13:22:19,50.204365,49.89122
2018-08-25 13:22:20,50.198318,49.896019
2018-08-25 13:22:21,50.193264,49.899361
2018-08-25 13:22:22,50.188137,49.903858
2018-08-25 13:22:23,50.180431,49.908367
2018-08-25 13:22:24,50.170368,49.911137
2018-08-25 13:22:25,50.163277,49.914478
2018-08-25 13:22:26,50.158012,49.918056
2018-08-25 13:22:27,50.15387,49.921307
2018-08-25 13:22:28,50.150433,49.922173
2018-08-25 13:22:29,50.145023,49.923321
2018-08-25 13:22:30,50.130959,49.927948
2018-08-25 13:22:31,50.110867,49.932938
2018-08-25 13:22:32,50.099586,49.939621
2018-08-25 13:22:33,50.098129,49.948898
2018-08-25 13:22:34,50.104557,49.957317
2018-08-25 13:22:35,50.114452,49.962563
2018-08-25 13:22:36,50.125164,49.966953
2018-08-25 13:22:37,50.133663,49.970829
2018-08-25 13:22:38,50.139503,49.974247
2018-08-25 13:22:39,50.143227,49.979668
2018-08-25 13:22:40,50.145874,49.98254
2018-08-25 13:22:41,50.145046,49.984577
2018-08-25 13:22:42,50.138359,49.98629
2018-08-25 13:22:43,50.132919,49.987438
2018-08-25 13:22:44,50.132298,49.987335
2018-08-25 13:22:45,50.137516,49.987534
2018-08-25 13:22:46,50.144932,49.990116
2018-08-25 13:22:47,50.151855,49.9944
2018-08-25 13:22:48,50.156857,49.998531
2018-08-25 13:22:49,50.159046,50.002289
2018-08-25 13:22:50,50.158672,50.004803
2018-08-25 13:22:51,50.166313,50.006313
2018-08-25 13:22:52,50.178043,50.007423
2018-08-25 13:22:53,50.184536,50.008801
2018-08-25 13:22:54,50.186977,50.0093
2018-08-25 13:22:55,50.184341,50.01017
2018-08-25 13:22:56,50.17474,50.011311
2018-08-25 13:22:57,50.162735,50.01704
2018-08-25 13:22:58,50.151814,50.025352
2018-08-25 13:22:59,50.143616,50.033558
2018-08-25 13:23:00,50.139065,50.041122
2018-08-25 13:23:01,50.137802,50.047695
2018-08-25 13:23:02,50.138813,50.056347
2018-08-25 13:23:03,50.14122,50.063263
2018-08-25 13:23:04,50.144741,50.068005
2018-08-25 13:23:05,50.148876,50.07238
2018-08-25 13:23:06,50.14967,50.074894
2018-08-25 13:23:07,50.143505,50.076042
2018-08-25 13:23:08,50.133095,50.077122
2018-08-25 13:23:09,50.126068,50.079147
2018-08-25 13:23:10,50.121178,50.08054
2018-08-25 13:23:11,50.118706,50.081104
2018-08-25 13:23:12,50.119534,50.077019
2018-08-25 13:23:13,50.122936,50.072704
2018-08-25 13:23:14,50.133217,50.069611
2018-08-25 13:23:15,50.143623,50.065422
2018-08-25 13:23:16,50.150826,50.06377
2018-08-25 13:23:17,50.156006,50.064743
2018-08-25 13:23:18,50.159,50.066345
2018-08-25 13:23:19,50.161026,50.069019
2018-08-25 13:23:20,50.161758,50.071918
2018-08-25 13:23:21,50.160412,50.073174
2018-08-25 13:23:22,50.156921,50.07552
2018-08-25 13:23:23,50.153133,50.077682
2018-08-25 13:23:24,50.150627,50.076412
2018-08-25 13:23:25,50.151222,50.075283
2018-08-25 13:23:26,50.153713,50.074982
2018-08-25 13:23:27,50.155293,50.072601
2018-08-25 13:23:28,50.155064,50.069706
2018-08-25 13:23:29,50.15205,50.066502
2018-08-25 13:23:30,50.146767,50.064373
2018-08-25 13:23:31,50.137249,50.064602
2018-08-25 13:23:32,50.124065,50.066315
2018-08-25 13:23:33,50.112103,50.06918
2018-08-25 13:23:34,50.104095,50.072414
2018-08-25 13:23:35,50.102554,50.074463
2018-08-25 13:23:36,50.109211,50.075634
2018-08-25 13:23:37,50.122471,50.076694
2018-08-25 13:23:38,50.140331,50.075825
2018-08-25 13:23:39,50.159027,50.07259
2018-08-25 13:23:40,50.175385,50.068451
2018-08-25 13:23:41,50.185581,50.065063
2018-08-25 13:23:42,50.189129,50.064766
2018-08-25 13:23:43,50.186951,50.065498
2018-08-25 13:23:44,50.181595,50.067066
2018-08-25 13:23:45,50.175335,50.070042
2018-08-25 13:23:46,50.167152,50.074375
2018-08-25 13:23:47,50.156246,50.082005
2018-08-25 13:23:48,50.146278,50.090546
2018-08-25 13:23:49,50.137543,50.097691
2018-08-25 13:23:50,50.129528,50.102581
2018-08-25 13:23:51,50.127495,50.107597
2018-08-25 13:23:52,50.132687,50.110935
2018-08-25 13:23:53,50.142052,50.110825
2018-08-25 13:23:54,50.15263,50.111916
2018-08-25 13:23:55,50.160927,50.113895
2018-08-25 13:23:56,50.165405,50.117447
2018-08-25 13:23:57,50.16346,50.119488
2018-08-25 13:23:58,50.155319,50.11797
2018-08-25 13:23:59,50.144566,50.117588
2018-08-25 13:24:00,50.133095,50.11628
2018-08-25 13:24:01,50.118843,50.111412
2018-08-25 13:24:02,50.101261,50.107071
2018-08-25 13:24:03,50.08445,50.104942
2018-08-25 13:24:04,50.072021,50.106812
2018-08-25 13:24:05,50.066151,50.109051
2018-08-25 13:24:06,50.065815,50.114521
2018-08-25 13:24:07,50.065498,50.118694
2018-08-25 13:24:08,50.066154,50.119896
2018-08-25 13:24:09,50.069462,50.119286
2018-08-25 13:24:10,50.074272,50.119141
2018-08-25 13:24:11,50.076981,50.119648
2018-08-25 13:24:12,50.078087,50.117668
2018-08-25 13:24:13,50.077667,50.114315
2018-08-25 13:24:14,50.077946,50.111984
2018-08-25 13:24:15,50.080875,50.110046
2018-08-25 13:24:16,50.084911,50.110039
2018-08-25 13:24:17,50.088528,50.111229
2018-08-25 13:24:18,50.094143,50.111729
2018-08-25 13:24:19,50.102219,50.111076
2018-08-25 13:24:20,50.108994,50.111229
2018-08-25 13:24:21,50.111645,50.112892
2018-08-25 13:24:22,50.110294,50.116356
2018-08-25 13:24:23,50.104969,50.118038
2018-08-25 13:24:24,50.097851,50.117737
2018-08-25 13:24:25,50.089748,50.116932
2018-08-25 13:24:26,50.082214,50.118855
2018-08-25 13:24:27,50.07531,50.118294
2018-08-25 13:24:28,50.068199,50.118271
2018-08-25 13:24:29,50.061562,50.120583
2018-08-25 13:24:30,50.05653,50.123016
2018-08-25 13:24:31,50.054405,50.121853
2018-08-25 13:24:32,50.054451,50.119114
2018-08-25 13:24:33,50.055702,50.117332
2018-08-25 13:24:34,50.055206,50.114029
2018-08-25 13:24:35,50.05344,50.108898
2018-08-25 13:24:36,50.053959,50.10453
2018-08-25 13:24:37,50.058403,50.099068
2018-08-25 13:24:38,50.062889,50.096992
2018-08-25 13:24:39,50.06493,50.096973
2018-08-25 13:24:40,50.062733,50.096733
2018-08-25 13:24:41,50.058891,50.096024
2018-08-25 13:24:42,50.058086,50.096474
2018-08-25 13:24:43,50.062225,50.097477
2018-08-25 13:24:44,50.068501,50.098793
2018-08-25 13:24:45,50.074848,50.102417
2018-08-25 13:24:46,50.08157,50.105778
2018-08-25 13:24:47,50.084892,50.107655
2018-08-25 13:24:48,50.085579,50.107635
2018-08-25 13:24:49,50.084656,50.108006
2018-08-25 13:24:50,50.080597,50.107193
2018-08-25 13:24:51,50.073315,50.105133
2018-08-25 13:24:52,50.064697,50.101879
2018-08-25 13:24:53,50.055729,50.100796
2018-08-25 13:24:54,50.046284,50.103134
2018-08-25 13:24:55,50.03931,50.104084
2018-08-25 13:24:56,50.035629,50.104832
2018-08-25 13:24:57,50.030704,50.104084
2018-08-25 13:24:58,50.025635,50.102634
2018-08-25 13:24:59,50.025242,50.099556
2018-08-25 13:25:00,50.032036,50.093372
2018-08-25 13:25:01,50.04266,50.088634
2018-08-25 13:25:02,50.051243,50.085255
2018-08-25 13:25:03,50.055901,50.083565
2018-08-25 13:25:04,50.05714,50.085594
2018-08-25 13:25:05,50.052818,50.089394
2018-08-25 13:25:06,50.044765,50.093857
2018-08-25 13:25:07,50.035473,50.097858
2018-08-25 13:25:08,50.026245,50.103592
2018-08-25 13:25:09,50.019653,50.110409
2018-08-25 13:25:10,50.016739,50.113712
2018-08-25 13:25:11,50.015343,50.114326
2018-08-25 13:25:12,50.013233,50.112301
2018-08-25 13:25:13,50.012901,50.106945
2018-08-25 13:25:14,50.014442,50.102551
2018-08-25 13:25:15,50.015011,50.101067
2018-08-25 13:25:16,50.013493,50.099598
2018-08-25 13:25:17,50.012341,50.098263
2018-08-25 13:25:18,50.013905,50.09605
2018-08-25 13:25:19,50.020573,50.0924
2018-08-25 13:25:20,50.029308,50.08942
2018-08-25 13:25:21,50.035397,50.085079
2018-08-25 13:25:22,50.038898,50.083462
2018-08-25 13:25:23,50.040287,50.084034
2018-08-25 13:25:24,50.038261,50.086956
2018-08-25 13:25:25,50.031204,50.090466
2018-08-25 13:25:26,50.020134,50.090839
2018-08-25 13:25:27,50.00703,50.08963
2018-08-25 13:25:28,49.994972,50.086651
2018-08-25 13:25:29,49.980942,50.083916
2018-08-25 13:25:30,49.963623,50.084106
2018-08-25 13:25:31,49.946861,50.084873
2018-08-25 13:25:32,49.93412,50.085983
2018-08-25 13:25:33,49.924538,50.083664
2018-08-25 13:25:34,49.921761,50.08382
2018-08-25 13:25:35,49.923691,50.085255
2018-08-25 13:25:36,49.927467,50.08736
2018-08-25 13:25:37,49.932835,50.086269
2018-08-25 13:25:38,49.937229,50.085842
2018-08-25 13:25:39,49.936386,50.086517
2018-08-25 13:25:40,49.929726,50.086918
2018-08-25 13:25:41,49.920296,50.089943
2018-08-25 13:25:42,49.913422,50.091045
2018-08-25 13:25:43,49.909615,50.088638
2018-08-25 13:25:44,49.906727,50.082848
2018-08-25 13:25:45,49.901085,50.07682
2018-08-25 13:25:46,49.893879,50.070976
2018-08-25 13:25:47,49.891056,50.06377
2018-08-25 13:25:48,49.889011,50.054596
2018-08-25 13:25:49,49.884624,50.045097
2018-08-25 13:25:50,49.879559,50.036015
2018-08-25 13:25:51,49.872795,50.02504
2018-08-25 13:25:52,49.861641,50.016411
2018-08-25 13:25:53,49.849682,50.012436
2018-08-25 13:25:54,49.845852,50.01263
2018-08-25 13:25:55,49.859341,50.013786
2018-08-25 13:25:56,49.881329,50.014664
2018-08-25 13:25:57,49.899178,50.015591
2018-08-25 13:25:58,49.90926,50.014919
2018-08-25 13:25:59,49.912407,50.013943
2018-08-25 13:26:00,49.912758,50.011169
2018-08-25 13:26:01,49.9147,50.007374
2018-08-25 13:26:02,49.917099,50.00695
2018-08-25 13:26:03,49.920948,50.008518
2018-08-25 13:26:04,49.926537,50.008614
2018-08-25 13:26:05,49.93042,50.007042
2018-08-25 13:26:06,49.931717,50.002785
2018-08-25 13:26:07,49.930416,49.996925
2018-08-25 13:26:08,49.927841,49.992203
2018-08-25 13:26:09,49.926258,49.987217
2018-08-25 13:26:10,49.924099,49.980949
2018-08-25 13:26:11,49.915985,49.974468
2018-08-25 13:26:12,49.906113,49.970402
2018-08-25 13:26:13,49.898304,49.968151
2018-08-25 13:26:14,49.893444,49.965199
2018-08-25 13:26:15,49.892784,49.963139
2018-08-25 13:26:16,49.895729,49.961075
2018-08-25 13:26:17,49.902149,49.959385
2018-08-25 13:26:18,49.913025,49.957172
2018-08-25 13:26:19,49.930332,49.955273
2018-08-25 13:26:20,49.945164,49.953094
2018-08-25 13:26:21,49.951679,49.949722
2018-08-25 13:26:22,49.951694,49.945774
2018-08-25 13:26:23,49.94569,49.940701
2018-08-25 13:26:24,49.935081,49.936333
2018-08-25 13:26:25,49.923557,49.930782
2018-08-25 13:26:26,49.913898,49.924053
2018-08-25 13:26:27,49.908432,49.916065
2018-08-25 13:26:28,49.907124,49.907925
2018-08-25 13:26:29,49.908955,49.897335
2018-08-25 13:26:30,49.912003,49.887726
2018-08-25 13:26:31,49.915051,49.881935
2018-08-25 13:26:32,49.917862,49.878838
2018-08-25 13:26:33,49.921795,49.875763
2018-08-25 13:26:34,49.926651,49.873333
2018-08-25 13:26:35,49.930561,49.873455
2018-08-25 13:26:36,49.933022,49.873558
2018-08-25 13:26:37,49.935242,49.87368
2018-08-25 13:26:38,49.937576,49.874828
2018-08-25 13:26:39,49.939419,49.87508
2018-08-25 13:26:40,49.939594,49.876244
2018-08-25 13:26:41,49.939846,49.876781
2018-08-25 13:26:42,49.938686,49.877728
2018-08-25 13:26:43,49.932495,49.880093
2018-08-25 13:26:44,49.92234,49.88488
2018-08-25 13:26:45,49.914692,49.888844
2018-08-25 13:26:46,49.911602,49.892826
2018-08-25 13:26:47,49.91188,49.895542
2018-08-25 13:26:48,49.91341,49.894901
2018-08-25 13:26:49,49.913906,49.892586
2018-08-25 13:26:50,49.916084,49.889103
2018-08-25 13:26:51,49.920784,49.886211
2018-08-25 13:26:52,49.925499,49.884018
2018-08-25 13:26:53,49.930237,49.882092
2018-08-25 13:26:54,49.93486,49.884037
2018-08-25 13:26:55,49.937748,49.886494
2018-08-25 13:26:56,49.937065,49.886173
2018-08-25 13:26:57,49.934044,49.885059
2018-08-25 13:26:58,49.930767,49.882294
2018-08-25 13:26:59,49.929913,49.878838
2018-08-25 13:27:00,49.926273,49.873734
2018-08-25 13:27:01,49.916668,49.868698
2018-08-25 13:27:02,49.904869,49.86993
2018-08-25 13:27:03,49.894783,49.869175
2018-08-25 13:27:04,49.88694,49.867077
2018-08-25 13:27:05,49.882931,49.864182
2018-08-25 13:27:06,49.88258,49.86174
2018-08-25 13:27:07,49.88607,49.858974
2018-08-25 13:27:08,49.892475,49.858246
2018-08-25 13:27:09,49.901047,49.858551
2018-08-25 13:27:10,49.909443,49.859253
2018-08-25 13:27:11,49.91584,49.859528
2018-08-25 13:27:12,49.919132,49.861355
2018-08-25 13:27:13,49.921051,49.860046
2018-08-25 13:27:14,49.921959,49.858719
2018-08-25 13:27:15,49.919182,49.857708
2018-08-25 13:27:16,49.913654,49.857716
2018-08-25 13:27:17,49.905117,49.858501
2018-08-25 13:27:18,49.895557,49.857685
2018-08-25 13:27:19,49.886482,49.855999
2018-08-25 13:27:20,49.880917,49.853382
2018-08-25 13:27:21,49.879108,49.851078
2018-08-25 13:27:22,49.882553,49.85083
2018-08-25 13:27:23,49.889858,49.853207
2018-08-25 13:27:24,49.89822,49.857307
2018-08-25 13:27:25,49.906647,49.863045
2018-08-25 13:27:26,49.914127,49.870552
2018-08-25 13:27:27,49.919632,49.875542
2018-08-25 13:27:28,49.922195,49.877918
2018-08-25 13:27:29,49.923042,49.877411
2018-08-25 13:27:30,49.922005,49.874638
2018-08-25 13:27:31,49.919601,49.870117
2018-08-25 13:27:32,49.918018,49.867966
2018-08-25 13:27:33,49.917667,49.867855
2018-08-25 13:27:34,49.918293,49.872528
2018-08-25 13:27:35,49.916973,49.87608
2018-08-25 13:27:36,49.913055,49.877003
2018-08-25 13:27:37,49.906345,49.879253
2018-08-25 13:27:38,49.899498,49.88179
2018-08-25 13:27:39,49.894444,49.881004
2018-08-25 13:27:40,49.891685,49.878601
2018-08-25 13:27:41,49.891159,49.875458
2018-08-25 13:27:42,49.891575,49.87141
2018-08-25 13:27:43,49.893181,49.865376
2018-08-25 13:27:44,49.895432,49.861317
2018-08-25 13:27:45,49.896416,49.858486
2018-08-25 13:27:46,49.89661,49.856567
2018-08-25 13:27:47,49.896168,49.855995
2018-08-25 13:27:48,49.895027,49.85622
2018-08-25 13:27:49,49.891056,49.858662
2018-08-25 13:27:50,49.885456,49.862522
2018-08-25 13:27:51,49.889008,49.867416
2018-08-25 13:27:52,49.900967,49.871403
2018-08-25 13:27:53,49.911766,49.872189
2018-08-25 13:27:54,49.918667,49.87207
2018-08-25 13:27:55,49.920731,49.8731
2018-08-25 13:27:56,49.917702,49.874645
2018-08-25 13:27:57,49.911366,49.872707
2018-08-25 13:27:58,49.903225,49.869503
2018-08-25 13:27:59,49.893948,49.866096
2018-08-25 13:28:00,49.885544,49.863766
2018-08-25 13:28:01,49.881092,49.864254
2018-08-25 13:28:02,49.878349,49.865871
2018-08-25 13:28:03,49.876003,49.868534
2018-08-25 13:28:04,49.878128,49.870945
2018-08-25 13:28:05,49.883289,49.871288
2018-08-25 13:28:06,49.886795,49.871735
2018-08-25 13:28:07,49.88681,49.870502
2018-08-25 13:28:08,49.887245,49.865765
2018-08-25 13:28:09,49.891079,49.859497
2018-08-25 13:28:10,49.89608,49.852852
2018-08-25 13:28:11,49.901852,49.846806
2018-08-25 13:28:12,49.907673,49.841816
2018-08-25 13:28:13,49.91264,49.838467
2018-08-25 13:28:14,49.912746,49.836704
2018-08-25 13:28:15,49.908039,49.838036
2018-08-25 13:28:16,49.898842,49.843857
2018-08-25 13:28:17,49.885838,49.849594
2018-08-25 13:28:18,49.872898,49.853687
2018-08-25 13:28:19,49.864685,49.858337
2018-08-25 13:28:20,49.864719,49.862564
2018-08-25 13:28:21,49.871872,49.866257
2018-08-25 13:28:22,49.882393,49.872143
2018-08-25 13:28:23,49.896626,49.874443
2018-08-25 13:28:24,49.911182,49.875656
2018-08-25 13:28:25,49.922359,49.876446
2018-08-25 13:28:26,49.930305,49.877499
2018-08-25 13:28:27,49.934628,49.877373
2018-08-25 13:28:28,49.936035,49.874088
2018-08-25 13:28:29,49.935764,49.872566
2018-08-25 13:28:30,49.930374,49.874474
2018-08-25 13:28:31,49.921062,49.877026
2018-08-25 13:28:32,49.913296,49.87949
2018-08-25 13:28:33,49.905071,49.881935
2018-08-25 13:28:34,49.895477,49.8853
2018-08-25 13:28:35,49.888683,49.888775
2018-08-25 13:28:36,49.883549,49.894169
2018-08-25 13:28:37,49.879494,49.897167
2018-08-25 13:28:38,49.878532,49.897942
2018-08-25 13:28:39,49.879669,49.896458
2018-08-25 13:28:40,49.882401,49.894917
2018-08-25 13:28:41,49.885284,49.892761
2018-08-25 13:28:42,49.885849,49.896423
2018-08-25 13:28:43,49.885227,49.899242
2018-08-25 13:28:44,49.886322,49.901672
2018-08-25 13:28:45,49.887722,49.902737
2018-08-25 13:28:46,49.887909,49.904247
2018-08-25 13:28:47,49.888115,49.904518
2018-08-25 13:28:48,49.886677,49.905224
2018-08-25 13:28:49,49.881348,49.907269
2018-08-25 13:28:50,49.864765,49.910046
2018-08-25 13:28:51,49.842041,49.907894
2018-08-25 13:28:52,49.829342,49.90469
2018-08-25 13:28:53,49.829414,49.902164
2018-08-25 13:28:54,49.835011,49.899624
2018-08-25 13:28:55,49.843021,49.897194
2018-08-25 13:28:56,49.852303,49.894424
2018-08-25 13:28:57,49.859509,49.89283
2018-08-25 13:28:58,49.86488,49.891636
2018-08-25 13:28:59,49.870007,49.891117
2018-08-25 13:29:00,49.873394,49.890751
2018-08-25 13:29:01,49.876507,49.892925
2018-08-25 13:29:02,49.881351,49.895874
2018-08-25 13:29:03,49.886002,49.895557
2018-08-25 13:29:04,49.889763,49.893894
2018-08-25 13:29:05,49.893188,49.893074
2018-08-25 13:29:06,49.89677,49.89175
2018-08-25 13:29:07,49.899361,49.894974
2018-08-25 13:29:08,49.901405,49.904881
2018-08-25 13:29:09,49.904007,49.91589
2018-08-25 13:29:10,49.904079,49.925503
2018-08-25 13:29:11,49.901287,49.925816
2018-08-25 13:29:12,49.899403,49.921974
2018-08-25 13:29:13,49.897861,49.91851
2018-08-25 13:29:14,49.894726,49.918007
2018-08-25 13:29:15,49.891529,49.920525
2018-08-25 13:29:16,49.889435,49.929989
2018-08-25 13:29:17,49.888042,49.94693
2018-08-25 13:29:18,49.887966,49.960175
2018-08-25 13:29:19,49.887886,49.969971
2018-08-25 13:29:20,49.887501,49.977039
2018-08-25 13:29:21,49.889565,49.982132
2018-08-25 13:29:22,49.893234,49.982887
2018-08-25 13:29:23,49.896774,49.980865
2018-08-25 13:29:24,49.903782,49.979828
2018-08-25 13:29:25,49.913239,49.980137
2018-08-25 13:29:26,49.921162,49.980774
2018-08-25 13:29:27,49.924694,49.981678
2018-08-25 13:29:28,49.92202,49.98185
2018-08-25 13:29:29,49.91349,49.983501
2018-08-25 13:29:30,49.902912,49.986855
2018-08-25 13:29:31,49.897018,49.988518
2018-08-25 13:29:32,49.896805,49.987507
2018-08-25 13:29:33,49.899483,49.985119
2018-08-25 13:29:34,49.902752,49.985416
2018-08-25 13:29:35,49.904675,49.984993
2018-08-25 13:29:36,49.906326,49.984417
2018-08-25 13:29:37,49.906334,49.983162
2018-08-25 13:29:38,49.905361,49.982422
2018-08-25 13:29:39,49.903725,49.982182
2018-08-25 13:29:40,49.902184,49.980167
2018-08-25 13:29:41,49.902069,49.977749
2018-08-25 13:29:42,49.902386,49.976242
2018-08-25 13:29:43,49.903347,49.976032
2018-08-25 13:29:44,49.903801,49.976967
2018-08-25 13:29:45,49.902668,49.976112
2018-08-25 13:29:46,49.903767,49.974449
2018-08-25 13:29:47,49.906807,49.972767
2018-08-25 13:29:48,49.914001,49.972095
2018-08-25 13:29:49,49.921741,49.972557
2018-08-25 13:29:50,49.92841,49.974976
2018-08-25 13:29:51,49.932812,49.97617
2018-08-25 13:29:52,49.936638,49.97683
2018-08-25 13:29:53,49.940083,49.977436
2018-08-25 13:29:54,49.942211,49.977436
2018-08-25 13:29:55,49.940144,49.977188
2018-08-25 13:29:56,49.934044,49.977444
2018-08-25 13:29:57,49.926533,49.977531
2018-08-25 13:29:58,49.921047,49.979259
2018-08-25 13:29:59,49.918442,49.984352
2018-08-25 13:30:00,49.919075,49.991306
2018-08-25 13:30:01,49.924149,49.996662
2018-08-25 13:30:02,49.931343,49.999676
2018-08-25 13:30:03,49.936981,50.001064
2018-08-25 13:30:04,49.940208,49.999046
2018-08-25 13:30:05,49.939716,49.995708
2018-08-25 13:30:06,49.936466,49.990479
2018-08-25 13:30:07,49.932312,49.987103
2018-08-25 13:30:08,49.929153,49.983112
2018-08-25 13:30:09,49.92746,49.977562
2018-08-25 13:30:10,49.925762,49.971184
2018-08-25 13:30:11,49.924458,49.96447
2018-08-25 13:30:12,49.922741,49.958054
2018-08-25 13:30:13,49.920845,49.95023
2018-08-25 13:30:14,49.917538,49.943649
2018-08-25 13:30:15,49.913136,49.941135
2018-08-25 13:30:16,49.906071,49.941216
2018-08-25 13:30:17,49.895744,49.941319
2018-08-25 13:30:18,49.888695,49.942207
2018-08-25 13:30:19,49.887035,49.943371
2018-08-25 13:30:20,49.891621,49.943695
2018-08-25 13:30:21,49.902771,49.944523
2018-08-25 13:30:22,49.915985,49.949276
2018-08-25 13:30:23,49.928764,49.954998
2018-08-25 13:30:24,49.941959,49.960274
2018-08-25 13:30:25,49.953087,49.965927
2018-08-25 13:30:26,49.95705,49.973621
2018-08-25 13:30:27,49.956127,49.981537
2018-08-25 13:30:28,49.952782,49.984928
2018-08-25 13:30:29,49.948635,49.98502
2018-08-25 13:30:30,49.944042,49.986519
2018-08-25 13:30:31,49.937401,49.990551
2018-08-25 13:30:32,49.92831,49.994076
2018-08-25 13:30:33,49.915386,49.99749
2018-08-25 13:30:34,49.900806,49.999187
2018-08-25 13:30:35,49.889034,49.996075
2018-08-25 13:30:36,49.88139,49.99155
2018-08-25 13:30:37,49.878078,49.985035
2018-08-25 13:30:38,49.879646,49.978149
2018-08-25 13:30:39,49.886242,49.972713
2018-08-25 13:30:40,49.893669,49.9688
2018-08-25 13:30:41,49.905781,49.964497
2018-08-25 13:30:42,49.921146,49.961372
2018-08-25 13:30:43,49.934284,49.958984
2018-08-25 13:30:44,49.944687,49.959652
2018-08-25 13:30:45,49.949089,49.963463
2018-08-25 13:30:46,49.948021,49.96701
2018-08-25 13:30:47,49.944321,49.968437
2018-08-25 13:30:48,49.937084,49.969654
2018-08-25 13:30:49,49.92646,49.970997
2018-08-25 13:30:50,49.916008,49.97086
2018-08-25 13:30:51,49.906036,49.971004
2018-08-25 13:30:52,49.896725,49.970863
2018-08-25 13:30:53,49.892368,49.96981
2018-08-25 13:30:54,49.893349,49.970203
2018-08-25 13:30:55,49.897808,49.973248
2018-08-25 13:30:56,49.911213,49.974239
2018-08-25 13:30:57,49.926716,49.97377
2018-08-25 13:30:58,49.938759,49.971329
2018-08-25 13:30:59,49.948143,49.965557
2018-08-25 13:31:00,49.953915,49.959061
2018-08-25 13:31:01,49.956558,49.956417
2018-08-25 13:31:02,49.957581,49.955612
2018-08-25 13:31:03,49.951271,49.95253
2018-08-25 13:31:04,49.938309,49.948395
2018-08-25 13:31:05,49.925907,49.94733
2018-08-25 13:31:06,49.915562,49.949112
2018-08-25 13:31:07,49.907307,49.951103
2018-08-25 13:31:08,49.901791,49.953167
2018-08-25 13:31:09,49.899437,49.955791
2018-08-25 13:31:10,49.898071,49.959259
2018-08-25 13:31:11,49.90094,49.963123
2018-08-25 13:31:12,49.910694,49.964581
2018-08-25 13:31:13,49.919998,49.964195
2018-08-25 13:31:14,49.926266,49.961945
2018-08-25 13:31:15,49.927708,49.958721
2018-08-25 13:31:16,49.924049,49.954361
2018-08-25 13:31:17,49.918022,49.950195
2018-08-25 13:31:18,49.911613,49.949192
2018-08-25 13:31:19,49.910206,49.949322
2018-08-25 13:31:20,49.914112,49.948502
2018-08-25 13:31:21,49.921486,49.94994
2018-08-25 13:31:22,49.930111,49.955315
2018-08-25 13:31:23,49.935417,49.962017
2018-08-25 13:31:24,49.937088,49.968079
2018-08-25 13:31:25,49.937729,49.971817
2018-08-25 13:31:26,49.938038,49.974651
2018-08-25 13:31:27,49.935974,49.979771
2018-08-25 13:31:28,49.932114,49.991199
2018-08-25 13:31:29,49.92651,50.002605
2018-08-25 13:31:30,49.921356,50.008331
2018-08-25 13:31:31,49.917477,50.010468
2018-08-25 13:31:32,49.913265,50.013439
2018-08-25 13:31:33,49.909107,50.015812
2018-08-25 13:31:34,49.902817,50.017357
2018-08-25 13:31:35,49.895222,50.017288
2018-08-25 13:31:36,49.886074,50.014534
2018-08-25 13:31:37,49.875446,50.011509
2018-08-25 13:31:38,49.868824,50.008583
2018-08-25 13:31:39,49.867161,50.005936
2018-08-25 13:31:40,49.866802,50.002716
2018-08-25 13:31:41,49.866199,50.000183
2018-08-25 13:31:42,49.864849,49.998413
2018-08-25 13:31:43,49.862556,49.997402
2018-08-25 13:31:44,49.862869,49.995983
2018-08-25 13:31:45,49.866615,49.993099
2018-08-25 13:31:46,49.872433,49.988823
2018-08-25 13:31:47,49.875839,49.985569
2018-08-25 13:31:48,49.876522,49.984203
2018-08-25 13:31:49,49.878536,49.983971
2018-08-25 13:31:50,49.895023,49.984154
2018-08-25 13:31:51,49.917496,49.984947
2018-08-25 13:31:52,49.931309,49.986866
2018-08-25 13:31:53,49.935898,49.989605
2018-08-25 13:31:54,49.933327,49.99065
2018-08-25 13:31:55,49.922882,49.990372
2018-08-25 13:31:56,49.906284,49.989277
2018-08-25 13:31:57,49.891235,49.990185
2018-08-25 13:31:58,49.882301,49.991169
2018-08-25 13:31:59,49.880894,49.989441
2018-08-25 13:32:00,49.885826,49.986137
2018-08-25 13:32:01,49.894882,49.983521
2018-08-25 13:32:02,49.905792,49.981174
2018-08-25 13:32:03,49.913849,49.978729
2018-08-25 13:32:04,49.914745,49.977386
2018-08-25 13:32:05,49.909637,49.977009
2018-08-25 13:32:06,49.901794,49.976528
2018-08-25 13:32:07,49.890835,49.976883
2018-08-25 13:32:08,49.879704,49.977154
2018-08-25 13:32:09,49.867947,49.977089
2018-08-25 13:32:10,49.854137,49.977531
2018-08-25 13:32:11,49.843266,49.979408
2018-08-25 13:32:12,49.837624,49.981403
2018-08-25 13:32:13,49.836288,49.983768
2018-08-25 13:32:14,49.839081,49.984703
2018-08-25 13:32:15,49.842449,49.984745
2018-08-25 13:32:16,49.846588,49.984192
2018-08-25 13:32:17,49.850754,49.980568
2018-08-25 13:32:18,49.856895,49.974525
2018-08-25 13:32:19,49.864067,49.969517
2018-08-25 13:32:20,49.870701,49.965271
2018-08-25 13:32:21,49.875797,49.961277
2018-08-25 13:32:22,49.877281,49.955128
2018-08-25 13:32:23,49.876884,49.94915
2018-08-25 13:32:24,49.877434,49.943851
2018-08-25 13:32:25,49.878036,49.939548
2018-08-25 13:32:26,49.877129,49.935822
2018-08-25 13:32:27,49.875153,49.93499
2018-08-25 13:32:28,49.869526,49.93502
2018-08-25 13:32:29,49.861515,49.936859
2018-08-25 13:32:30,49.857025,49.941624
2018-08-25 13:32:31,49.852627,49.948875
2018-08-25 13:32:32,49.849434,49.95628
2018-08-25 13:32:33,49.85144,49.962563
2018-08-25 13:32:34,49.855968,49.968708
2018-08-25 13:32:35,49.860771,49.975082
2018-08-25 13:32:36,49.865108,49.981941
2018-08-25 13:32:37,49.870148,49.985668
2018-08-25 13:32:38,49.875454,49.987667
2018-08-25 13:32:39,49.878662,49.990284
2018-08-25 13:32:40,49.878124,49.993061
2018-08-25 13:32:41,49.879963,49.992569
2018-08-25 13:32:42,49.88623,49.990349
2018-08-25 13:32:43,49.89732,49.98978
2018-08-25 13:32:44,49.913605,49.98745
2018-08-25 13:32:45,49.926743,49.981869
2018-08-25 13:32:46,49.934063,49.973911
2018-08-25 13:32:47,49.931644,49.966473
2018-08-25 13:32:48,49.922352,49.960938
2018-08-25 13:32:49,49.909504,49.957489
2018-08-25 13:32:50,49.892998,49.955189
2018-08-25 13:32:51,49.876949,49.953903
2018-08-25 13:32:52,49.865795,49.953251
2018-08-25 13:32:53,49.863022,49.953514
2018-08-25 13:32:54,49.866215,49.953842
2018-08-25 13:32:55,49.872169,49.953842
2018-08-25 13:32:56,49.883087,49.955067
2018-08-25 13:32:57,49.897903,49.955448
2018-08-25 13:32:58,49.910816,49.954285
2018-08-25 13:32:59,49.920162,49.95232
2018-08-25 13:33:00,49.928074,49.951691
2018-08-25 13:33:01,49.93227,49.948521
2018-08-25 13:33:02,49.934212,49.942062
2018-08-25 13:33:03,49.932186,49.937107
2018-08-25 13:33:04,49.927383,49.934658
2018-08-25 13:33:05,49.921726,49.932404
2018-08-25 13:33:06,49.913689,49.931499
2018-08-25 13:33:07,49.904865,49.93327
2018-08-25 13:33:08,49.899189,49.937027
2018-08-25 13:33:09,49.897461,49.943043
2018-08-25 13:33:10,49.896938,49.948818
2018-08-25 13:33:11,49.898556,49.952805
2018-08-25 13:33:12,49.899399,49.95433
2018-08-25 13:33:13,49.898994,49.953667
2018-08-25 13:33:14,49.899826,49.953213
2018-08-25 13:33:15,49.901077,49.952816
2018-08-25 13:33:16,49.90163,49.947964
2018-08-25 13:33:17,49.901772,49.941093
2018-08-25 13:33:18,49.900059,49.933693
2018-08-25 13:33:19,49.894646,49.928696
2018-08-25 13:33:20,49.888607,49.928711
2018-08-25 13:33:21,49.88628,49.928497
2018-08-25 13:33:22,49.884335,49.92942
2018-08-25 13:33:23,49.881523,49.929264
2018-08-25 13:33:24,49.879894,49.928043
2018-08-25 13:33:25,49.879131,49.925537
2018-08-25 13:33:26,49.880089,49.921459
2018-08-25 13:33:27,49.882072,49.916515
2018-08-25 13:33:28,49.884361,49.911491
2018-08-25 13:33:29,49.888878,49.906975
2018-08-25 13:33:30,49.894615,49.905663
2018-08-25 13:33:31,49.900135,49.908054
2018-08-25 13:33:32,49.909081,49.911446
2018-08-25 13:33:33,49.918987,49.915741
2018-08-25 13:33:34,49.92778,49.921227
2018-08-25 13:33:35,49.936085,49.925613
2018-08-25 13:33:36,49.941921,49.927734
2018-08-25 13:33:37,49.944515,49.928158
2018-08-25 13:33:38,49.944569,49.92659
2018-08-25 13:33:39,49.944298,49.92342
2018-08-25 13:33:40,49.944862,49.918949
2018-08-25 13:33:41,49.944328,49.913395
2018-08-25 13:33:42,49.944004,49.90881
2018-08-25 13:33:43,49.946133,49.905361
2018-08-25 13:33:44,49.949955,49.900467
2018-08-25 13:33:45,49.953403,49.893555
2018-08-25 13:33:46,49.957336,49.886532
2018-08-25 13:33:47,49.963322,49.879372
2018-08-25 13:33:48,49.967285,49.872211
2018-08-25 13:33:49,49.967915,49.866226
2018-08-25 13:33:50,49.966389,49.860825
2018-08-25 13:33:51,49.966145,49.858696
2018-08-25 13:33:52,49.967331,49.859352
2018-08-25 13:33:53,49.967129,49.862228
2018-08-25 13:33:54,49.965004,49.865475
2018-08-25 13:33:55,49.963486,49.867447
2018-08-25 13:33:56,49.962914,49.869823
2018-08-25 13:33:57,49.963085,49.872925
2018-08-25 13:33:58,49.962715,49.874592
2018-08-25 13:33:59,49.961987,49.874603
2018-08-25 13:34:00,49.963474,49.872936
2018-08-25 13:34:01,49.971581,49.870888
2018-08-25 13:34:02,49.983624,49.86861
2018-08-25 13:34:03,49.993114,49.867313
2018-08-25 13:34:04,49.999043,49.868073
2018-08-25 13:34:05,50.002937,49.868694
2018-08-25 13:34:06,50.006763,49.868336
2018-08-25 13:34:07,50.010738,49.866909
2018-08-25 13:34:08,50.012989,49.86602
2018-08-25 13:34:09,50.011829,49.864246
2018-08-25 13:34:10,50.008705,49.862377
2018-08-25 13:34:11,50.005642,49.8633
2018-08-25 13:34:12,50.002945,49.864449
2018-08-25 13:34:13,50.0014,49.869682
2018-08-25 13:34:14,49.999676,49.875725
2018-08-25 13:34:15,49.999058,49.878841
2018-08-25 13:34:16,49.999863,49.877995
2018-08-25 13:34:17,50.001221,49.875923
2018-08-25 13:34:18,50.001713,49.874077
2018-08-25 13:34:19,50.00169,49.873547
2018-08-25 13:34:20,50.003193,49.876049
2018-08-25 13:34:21,50.005039,49.878174
2018-08-25 13:34:22,50.006527,49.879757
2018-08-25 13:34:23,50.007645,49.881271
2018-08-25 13:34:24,50.011162,49.880524
2018-08-25 13:34:25,50.015617,49.878155
2018-08-25 13:34:26,50.018051,49.877266
2018-08-25 13:34:27,50.019154,49.877621
2018-08-25 13:34:28,50.019863,49.878384
2018-08-25 13:34:29,50.020645,49.881638
2018-08-25 13:34:30,50.022369,49.885174
2018-08-25 13:34:31,50.026947,49.885345
2018-08-25 13:34:32,50.033535,49.885555
2018-08-25 13:34:33,50.040733,49.886818
2018-08-25 13:34:34,50.047409,49.887646
2018-08-25 13:34:35,50.053692,49.886978
2018-08-25 13:34:36,50.058788,49.884933
2018-08-25 13:34:37,50.061245,49.882721
2018-08-25 13:34:38,50.062111,49.881779
2018-08-25 13:34:39,50.061993,49.881477
2018-08-25 13:34:40,50.06102,49.882748
2018-08-25 13:34:41,50.057968,49.884235
2018-08-25 13:34:42,50.054806,49.885891
2018-08-25 13:34:43,50.056107,49.88821
2018-08-25 13:34:44,50.059738,49.890572
2018-08-25 13:34:45,50.06144,49.893562
2018-08-25 13:34:46,50.059933,49.893066
2018-08-25 13:34:47,50.055145,49.892273
2018-08-25 13:34:48,50.051018,49.894581
2018-08-25 13:34:49,50.051071,49.896717
2018-08-25 13:34:50,50.054287,49.897751
2018-08-25 13:34:51,50.056885,49.897846
2018-08-25 13:34:52,50.055241,49.894249
2018-08-25 13:34:53,50.050972,49.889126
2018-08-25 13:34:54,50.048405,49.887383
2018-08-25 13:34:55,50.050755,49.888767
2018-08-25 13:34:56,50.055363,49.890266
2018-08-25 13:34:57,50.058231,49.892273
2018-08-25 13:34:58,50.06147,49.897083
2018-08-25 13:34:59,50.067139,49.899269
2018-08-25 13:35:00,50.071533,49.900654
2018-08-25 13:35:01,50.073254,49.903728
2018-08-25 13:35:02,50.072357,49.908028
2018-08-25 13:35:03,50.069405,49.911205
2018-08-25 13:35:04,50.062668,49.913029
2018-08-25 13:35:05,50.052956,49.91119
2018-08-25 13:35:06,50.045673,49.906364
2018-08-25 13:35:07,50.042789,49.901096
2018-08-25 13:35:08,50.038967,49.895847
2018-08-25 13:35:09,50.035534,49.893677
2018-08-25 13:35:10,50.032764,49.893608
2018-08-25 13:35:11,50.028549,49.891144
2018-08-25 13:35:12,50.023849,49.887955
2018-08-25 13:35:13,50.022488,49.885582
2018-08-25 13:35:14,50.023056,49.88644
2018-08-25 13:35:15,50.024803,49.887321
2018-08-25 13:35:16,50.02639,49.886356
2018-08-25 13:35:17,50.025513,49.886208
2018-08-25 13:35:18,50.017071,49.888729
2018-08-25 13:35:19,49.995644,49.892765
2018-08-25 13:35:20,49.973621,49.895023
2018-08-25 13:35:21,49.955105,49.897194
2018-08-25 13:35:22,49.935745,49.898666
2018-08-25 13:35:23,49.91716,49.899807
2018-08-25 13:35:24,49.899544,49.899399
2018-08-25 13:35:25,49.883389,49.895248
2018-08-25 13:35:26,49.870041,49.890594
2018-08-25 13:35:27,49.860798,49.887486
2018-08-25 13:35:28,49.856457,49.88427
2018-08-25 13:35:29,49.854908,49.883671
2018-08-25 13:35:30,49.85828,49.884766
2018-08-25 13:35:31,49.864403,49.883148
2018-08-25 13:35:32,49.870602,49.878777
2018-08-25 13:35:33,49.877563,49.876724
2018-08-25 13:35:34,49.8843,49.877728
2018-08-25 13:35:35,49.887424,49.878571
2018-08-25 13:35:36,49.887318,49.877663
2018-08-25 13:35:37,49.884357,49.87978
2018-08-25 13:35:38,49.87746,49.883736
2018-08-25 13:35:39,49.867447,49.887825
2018-08-25 13:35:40,49.857479,49.890827
2018-08-25 13:35:41,49.847919,49.893677
2018-08-25 13:35:42,49.839008,49.895248
2018-08-25 13:35:43,49.841522,49.896545
2018-08-25 13:35:44,49.851093,49.898235
2018-08-25 13:35:45,49.860249,49.899311
2018-08-25 13:35:46,49.883904,49.898464
2018-08-25 13:35:47,49.904797,49.896137
2018-08-25 13:35:48,49.894276,49.901234
2018-08-25 13:35:49,49.902153,49.898777
2018-08-25 13:35:50,49.901245,49.900043
2018-08-25 13:35:51,49.90155,49.902699
2018-08-25 13:35:52,49.904388,49.903851
2018-08-25 13:35:53,49.90295,49.903854
2018-08-25 13:35:54,49.90416,49.904892
2018-08-25 13:35:55,49.908844,49.909279
2018-08-25 13:35:56,49.914253,49.913677
2018-08-25 13:35:57,49.918209,49.917236
2018-08-25 13:35:58,49.91906,49.919918
2018-08-25 13:35:59,49.919956,49.92041
2018-08-25 13:36:00,49.920723,49.920467
2018-08-25 13:36:01,49.919811,49.920345
2018-08-25 13:36:02,49.921127,49.920357
2018-08-25 13:36:03,49.919071,49.9207
2018-08-25 13:36:04,49.918804,49.919033
2018-08-25 13:36:05,49.918152,49.918343
2018-08-25 13:36:06,49.918266,49.918888
2018-08-25 13:36:07,49.921307,49.920887
2018-08-25 13:36:08,49.923981,49.92416
2018-08-25 13:36:09,49.925404,49.925835
2018-08-25 13:36:10,49.92651,49.92651
2018-08-25 13:36:11,49.925488,49.926426
2018-08-25 13:36:12,49.924572,49.928997
2018-08-25 13:36:13,49.93314,49.932808
2018-08-25 13:36:14,49.938408,49.937672
2018-08-25 13:36:15,49.936176,49.940182
2018-08-25 13:36:16,49.939251,49.937439
2018-08-25 13:36:17,49.935883,49.937183
2018-08-25 13:36:18,49.937416,49.937134
2018-08-25 13:36:19,49.938622,49.938145
2018-08-25 13:36:20,49.937443,49.937351
2018-08-25 13:36:21,49.934544,49.933651
2018-08-25 13:36:22,49.931709,49.933262
2018-08-25 13:36:23,49.935287,49.934753
2018-08-25 13:36:24,49.936237,49.935184
2018-08-25 13:36:25,49.93359,49.934402
2018-08-25 13:36:26,49.933357,49.933716
2018-08-25 13:36:27,49.933361,49.933788
2018-08-25 13:36:28,49.932697,49.932449
2018-08-25 13:36:29,49.929974,49.930393
2018-08-25 13:36:30,49.930096,49.929989
2018-08-25 13:36:31,49.931767,49.933067
2018-08-25 13:36:32,49.938843,49.938053
2018-08-25 13:36:33,49.942085,49.942177
2018-08-25 13:36:34,49.944695,49.944992
2018-08-25 13:36:35,49.947723,49.946583
2018-08-25 13:36:36,49.946327,49.946857
2018-08-25 13:36:37,49.945389,49.944843
2018-08-25 13:36:38,49.941837,49.941654
2018-08-25 13:36:39,49.935261,49.936043
2018-08-25 13:36:40,49.929504,49.929653
2018-08-25 13:36:41,49.925407,49.925968
2018-08-25 13:36:42,49.922543,49.923073
2018-08-25 13:36:43,49.920006,49.921078
2018-08-25 13:36:44,49.918835,49.919003
2018-08-25 13:36:45,49.918922,49.918121
2018-08-25 13:36:46,49.91946,49.919018
2018-08-25 13:36:47,49.919937,49.920364
2018-08-25 13:36:48,49.921043,49.921841
2018-08-25 13:36:49,49.924332,49.923355
2018-08-25 13:36:50,49.924862,49.924629
2018-08-25 13:36:51,49.926388,49.926529
2018-08-25 13:36:52,49.929752,49.929901
2018-08-25 13:36:53,49.934074,49.933281
2018-08-25 13:36:54,49.936417,49.936371
2018-08-25 13:36:55,49.937466,49.938599
2018-08-25 13:36:56,49.94043,49.939224
2018-08-25 13:36:57,49.938847,49.940025
2018-08-25 13:36:58,49.940231,49.940723
2018-08-25 13:36:59,49.942425,49.940769
2018-08-25 13:37:00,49.941616,49.940964
2018-08-25 13:37:01,49.939796,49.938656
2018-08-25 13:37:02,49.936596,49.937248
2018-08-25 13:37:03,49.937004,49.936764
2018-08-25 13:37:04,49.938873,49.940208
2018-08-25 13:37:05,49.946568,49.945366
2018-08-25 13:37:06,49.949635,49.949268
2018-08-25 13:37:07,49.951069,49.950359
2018-08-25 13:37:08,49.949024,49.948948
2018-08-25 13:37:09,49.945423,49.945126
2018-08-25 13:37:10,49.941589,49.941193
2018-08-25 13:37:11,49.93959,49.939991
2018-08-25 13:37:12,49.940456,49.940125
2018-08-25 13:37:13,49.940926,49.94194
2018-08-25 13:37:14,49.943363,49.941956
2018-08-25 13:37:15,49.941597,49.942081
2018-08-25 13:37:16,49.941113,49.940929
2018-08-25 13:37:17,49.939865,49.935894
2018-08-25 13:37:18,49.930237,49.934635
2018-08-25 13:37:19,49.939491,49.939289
2018-08-25 13:37:20,49.947025,49.94614
2018-08-25 13:37:21,49.94949,49.952404
2018-08-25 13:37:22,49.956242,49.953442
2018-08-25 13:37:23,49.954201,49.954926
2018-08-25 13:37:24,49.958912,49.955032
2018-08-25 13:37:25,49.956688,49.958042
2018-08-25 13:37:26,49.959145,49.959442
2018-08-25 13:37:27,49.960724,49.961399
2018-08-25 13:37:28,49.962318,49.963329
2018-08-25 13:37:29,49.965462,49.964878
2018-08-25 13:37:30,49.966145,49.965843
2018-08-25 13:37:31,49.965874,49.965588
2018-08-25 13:37:32,49.96468,49.965111
2018-08-25 13:37:33,49.964634,49.964039
2018-08-25 13:37:34,49.963753,49.963493
2018-08-25 13:37:35,49.962162,49.96151
2018-08-25 13:37:36,49.957535,49.957726
2018-08-25 13:37:37,49.953827,49.954231
2018-08-25 13:37:38,49.951103,49.950195
2018-08-25 13:37:39,49.946106,49.946609
2018-08-25 13:37:40,49.943844,49.94352
2018-08-25 13:37:41,49.943989,49.943256
2018-08-25 13:37:42,49.944897,49.944714
2018-08-25 13:37:43,49.946392,49.946617
2018-08-25 13:37:44,49.948986,49.948769
2018-08-25 13:37:45,49.950081,49.950657
2018-08-25 13:37:46,49.951771,49.951679
2018-08-25 13:37:47,49.953747,49.954231
2018-08-25 13:37:48,49.957478,49.957001
2018-08-25 13:37:49,49.95826,49.958549
2018-08-25 13:37:50,49.956738,49.956944
2018-08-25 13:37:51,49.954037,49.953999
2018-08-25 13:37:52,49.95216,49.952438
2018-08-25 13:37:53,49.951149,49.950302
2018-08-25 13:37:54,49.947392,49.948189
2018-08-25 13:37:55,49.947628,49.947784
2018-08-25 13:37:56,49.949806,49.950352
2018-08-25 13:37:57,49.954819,49.954483
2018-08-25 13:37:58,49.960217,49.959084
2018-08-25 13:37:59,49.963451,49.963852
2018-08-25 13:38:00,49.966843,49.966396
2018-08-25 13:38:01,49.969021,49.969421
2018-08-25 13:38:02,49.970478,49.969788
2018-08-25 13:38:03,49.968624,49.968067
2018-08-25 13:38:04,49.965363,49.965279
2018-08-25 13:38:05,49.962543,49.962753
2018-08-25 13:38:06,49.959896,49.959915
2018-08-25 13:38:07,49.957981,49.959099
2018-08-25 13:38:08,49.957661,49.958633
2018-08-25 13:38:09,49.957596,49.956654
2018-08-25 13:38:10,49.956425,49.955326
2018-08-25 13:38:11,49.955288,49.955845
2018-08-25 13:38:12,49.957424,49.95789
2018-08-25 13:38:13,49.961964,49.96228
2018-08-25 13:38:14,49.967758,49.966751
2018-08-25 13:38:15,49.967804,49.969666
2018-08-25 13:38:16,49.970444,49.96909
2018-08-25 13:38:17,49.968666,49.969791
2018-08-25 13:38:18,49.969604,49.970303
2018-08-25 13:38:19,49.971325,49.970333
2018-08-25 13:38:20,49.969975,49.969818
2018-08-25 13:38:21,49.970989,49.971218
2018-08-25 13:38:22,49.974808,49.975697
2018-08-25 13:38:23,49.979008,49.978519
2018-08-25 13:38:24,49.979202,49.980328
2018-08-25 13:38:25,49.980759,49.979836
2018-08-25 13:38:26,49.977921,49.980049
2018-08-25 13:38:27,49.979866,49.980263
2018-08-25 13:38:28,49.982311,49.982491
2018-08-25 13:38:29,49.984612,49.984333
2018-08-25 13:38:30,49.986889,49.987209
2018-08-25 13:38:31,49.991505,49.992023
2018-08-25 13:38:32,49.996082,49.995716
2018-08-25 13:38:33,49.998177,49.999195
2018-08-25 13:38:34,50.000534,49.999779
2018-08-25 13:38:35,49.998833,49.999443
2018-08-25 13:38:36,49.9991,49.998928
2018-08-25 13:38:37,49.998611,49.998844
2018-08-25 13:38:38,49.999283,49.997997
2018-08-25 13:38:39,49.996925,49.997379
2018-08-25 13:38:40,49.995697,49.996723
2018-08-25 13:38:41,49.997009,49.996399
2018-08-25 13:38:42,49.997505,49.998196
2018-08-25 13:38:43,50.001221,50.001453
2018-08-25 13:38:44,50.005104,50.004131
2018-08-25 13:38:45,50.004417,50.00412
2018-08-25 13:38:46,50.00312,50.003838
2018-08-25 13:38:47,50.00304,50.00359
2018-08-25 13:38:48,50.002193,50.002625
2018-08-25 13:38:49,50.000935,50.001225
2018-08-25 13:38:50,49.999802,50.00135
2018-08-25 13:38:51,50.003643,50.003944
2018-08-25 13:38:52,50.007088,50.006733
2018-08-25 13:38:53,50.008911,50.008484
2018-08-25 13:38:54,50.012009,50.012127
2018-08-25 13:38:55,50.0182,50.017601
2018-08-25 13:38:56,50.024097,50.024113
2018-08-25 13:38:57,50.029758,50.029324
2018-08-25 13:38:58,50.032814,50.032253
2018-08-25 13:38:59,50.034718,50.034626
2018-08-25 13:39:00,50.035854,50.035027
2018-08-25 13:39:01,50.031948,50.032883
2018-08-25 13:39:02,50.028988,50.027893
2018-08-25 13:39:03,50.022789,50.024494
2018-08-25 13:39:04,50.022167,50.021488
2018-08-25 13:39:05,50.020702,50.020367
2018-08-25 13:39:06,50.01981,50.019623
2018-08-25 13:39:07,50.019257,50.018818
2018-08-25 13:39:08,50.017944,50.018162
2018-08-25 13:39:09,50.017197,50.017323
2018-08-25 13:39:10,50.016346,50.016319
2018-08-25 13:39:11,50.014725,50.014683
2018-08-25 13:39:12,50.014996,50.01545
2018-08-25 13:39:13,50.018589,50.019016
2018-08-25 13:39:14,50.022839,50.022533
2018-08-25 13:39:15,50.028397,50.028809
2018-08-25 13:39:16,50.035713,50.036552
2018-08-25 13:39:17,50.045544,50.045742
2018-08-25 13:39:18,50.053356,50.053322
2018-08-25 13:39:19,50.059738,50.060722
2018-08-25 13:39:20,50.069,50.068401
2018-08-25 13:39:21,50.075344,50.075508
2018-08-25 13:39:22,50.080669,50.079861
2018-08-25 13:39:23,50.082619,50.082588
2018-08-25 13:39:24,50.083599,50.083679
2018-08-25 13:39:25,50.084145,50.083435
2018-08-25 13:39:26,50.081879,50.081821
2018-08-25 13:39:27,50.080727,50.081345
2018-08-25 13:39:28,50.082256,50.081707
2018-08-25 13:39:29,50.080997,50.082085
2018-08-25 13:39:30,50.080204,50.07935
2018-08-25 13:39:31,50.075806,50.076126
2018-08-25 13:39:32,50.072163,50.072472
2018-08-25 13:39:33,50.070026,50.070045
2018-08-25 13:39:34,50.068558,50.069126
2018-08-25 13:39:35,50.069546,50.069115
2018-08-25 13:39:36,50.071674,50.071342
2018-08-25 13:39:37,50.073986,50.07373
2018-08-25 13:39:38,50.076717,50.076809
2018-08-25 13:39:39,50.079025,50.078945
2018-08-25 13:39:40,50.081051,50.080051
2018-08-25 13:39:41,50.081516,50.081718
2018-08-25 13:39:42,50.083008,50.082108
2018-08-25 13:39:43,50.082989,50.08239
2018-08-25 13:39:44,50.08205,50.082031
2018-08-25 13:39:45,50.081432,50.082066
2018-08-25 13:39:46,50.083397,50.083584
2018-08-25 13:39:47,50.085621,50.085747
2018-08-25 13:39:48,50.085983,50.086632
2018-08-25 13:39:49,50.085461,50.085323
2018-08-25 13:39:50,50.083237,50.083309
2018-08-25 13:39:51,50.080559,50.080132
2018-08-25 13:39:52,50.076141,50.076721
2018-08-25 13:39:53,50.072517,50.072159
2018-08-25 13:39:54,50.067959,50.068474
2018-08-25 13:39:55,50.065651,50.066792
2018-08-25 13:39:56,50.065861,50.065975
2018-08-25 13:39:57,50.066505,50.067055
2018-08-25 13:39:58,50.069202,50.069031
2018-08-25 13:39:59,50.068966,50.068928
2018-08-25 13:40:00,50.066601,50.06768
2018-08-25 13:40:01,50.066391,50.06514
2018-08-25 13:40:02,50.062107,50.062416
2018-08-25 13:40:03,50.059673,50.06036
2018-08-25 13:40:04,50.059944,50.05917
2018-08-25 13:40:05,50.057808,50.058937
2018-08-25 13:40:06,50.056801,50.056561
2018-08-25 13:40:07,50.055756,50.055069
2018-08-25 13:40:08,50.053486,50.054993
2018-08-25 13:40:09,50.056332,50.056042
2018-08-25 13:40:10,50.057297,50.057865
2018-08-25 13:40:11,50.058559,50.057903
2018-08-25 13:40:12,50.056213,50.056274
2018-08-25 13:40:13,50.05386,50.054039
2018-08-25 13:40:14,50.053131,50.052296
2018-08-25 13:40:15,50.051598,50.051453
2018-08-25 13:40:16,50.049911,50.04818
2018-08-25 13:40:17,50.043903,50.044811
2018-08-25 13:40:18,50.04166,50.041134
2018-08-25 13:40:19,50.038628,50.038452
2018-08-25 13:40:20,50.035618,50.034828
2018-08-25 13:40:21,50.031097,50.031067
2018-08-25 13:40:22,50.025986,50.026382
2018-08-25 13:40:23,50.021523,50.021126
2018-08-25 13:40:24,50.016235,50.017487
2018-08-25 13:40:25,50.014355,50.014751
2018-08-25 13:40:26,50.014038,50.015636
2018-08-25 13:40:27,50.017418,50.015823
2018-08-25 13:40:28,50.013432,50.01289
2018-08-25 13:40:29,50.00848,50.008781
2018-08-25 13:40:30,50.005333,50.005135
2018-08-25 13:40:31,50.002991,50.003853
2018-08-25 13:40:32,50.004757,50.004681
2018-08-25 13:40:33,50.006653,50.006054
2018-08-25 13:40:34,50.006695,50.006859
2018-08-25 13:40:35,50.009373,50.009445
2018-08-25 13:40:36,50.012428,50.011002
2018-08-25 13:40:37,50.009911,50.011913
2018-08-25 13:40:38,50.013416,50.012321
2018-08-25 13:40:39,50.015118,50.015881
2018-08-25 13:40:40,50.017998,50.017429
2018-08-25 13:40:41,50.017189,50.016853
2018-08-25 13:40:42,50.014011,50.013233
2018-08-25 13:40:43,50.009975,50.009926
2018-08-25 13:40:44,50.006779,50.007008
2018-08-25 13:40:45,50.004559,50.00425
2018-08-25 13:40:46,50.000919,50.000328
2018-08-25 13:40:47,49.99469,49.993862
2018-08-25 13:40:48,49.987286,49.989635
2018-08-25 13:40:49,49.987736,49.988464
2018-08-25 13:40:50,49.989731,49.990139
2018-08-25 13:40:51,49.992088,49.992138
2018-08-25 13:40:52,49.993023,49.992836
2018-08-25 13:40:53,49.992805,49.992474
2018-08-25 13:40:54,49.992718,49.992115
2018-08-25 13:40:55,49.992085,49.991386
2018-08-25 13:40:56,49.992069,49.991913
2018-08-25 13:40:57,49.992947,49.993004
2018-08-25 13:40:58,49.993393,49.992924
2018-08-25 13:40:59,49.993137,49.995811
2018-08-25 13:41:00,49.999973,49.99847
2018-08-25 13:41:01,50.000046,50.001984
2018-08-25 13:41:02,50.002941,50.002548
2018-08-25 13:41:03,50.003002,50.002327
2018-08-25 13:41:04,50.000206,50.000938
2018-08-25 13:41:05,49.99958,49.999149
2018-08-25 13:41:06,49.998936,49.998669
2018-08-25 13:41:07,49.996555,49.99638
2018-08-25 13:41:08,49.992229,49.992588
2018-08-25 13:41:09,49.990875,49.991749
2018-08-25 13:41:10,49.991837,49.990791
2018-08-25 13:41:11,49.988224,49.989143
2018-08-25 13:41:12,49.98658,49.985596
2018-08-25 13:41:13,49.982437,49.982582
2018-08-25 13:41:14,49.979221,49.978806
2018-08-25 13:41:15,49.976009,49.976158
2018-08-25 13:41:16,49.975559,49.976727
2018-08-25 13:41:17,49.981876,49.982746
2018-08-25 13:41:18,49.991116,49.990227
2018-08-25 13:41:19,49.997093,49.998295
2018-08-25 13:41:20,50.006622,50.005806
2018-08-25 13:41:21,50.010067,50.009712
2018-08-25 13:41:22,50.01107,50.01223
2018-08-25 13:41:23,50.01395,50.014206
2018-08-25 13:41:24,50.01659,50.015835
2018-08-25 13:41:25,50.017132,50.017578
2018-08-25 13:41:26,50.017998,50.017616
2018-08-25 13:41:27,50.01646,50.016567
2018-08-25 13:41:28,50.0145,50.014946
2018-08-25 13:41:29,50.013176,50.012836
2018-08-25 13:41:30,50.010834,50.010574
2018-08-25 13:41:31,50.009296,50.009937
2018-08-25 13:41:32,50.008556,50.009174
2018-08-25 13:41:33,50.00771,50.008881
2018-08-25 13:41:34,50.007267,50.006519
2018-08-25 13:41:35,50.004963,50.005356
2018-08-25 13:41:36,50.004383,50.004948
2018-08-25 13:41:37,50.004936,50.005238
2018-08-25 13:41:38,50.004375,50.004162
2018-08-25 13:41:39,50.001266,50.00069
2018-08-25 13:41:40,49.997116,49.996407
2018-08-25 13:41:41,49.992741,49.99226
2018-08-25 13:41:42,49.98711,49.985683
2018-08-25 13:41:43,49.978619,49.979534
2018-08-25 13:41:44,49.97382,49.973057
2018-08-25 13:41:45,49.967728,49.968067
2018-08-25 13:41:46,49.96402,49.963604
2018-08-25 13:41:47,49.960171,49.960522
2018-08-25 13:41:48,49.958405,49.958069
2018-08-25 13:41:49,49.958187,49.957848
2018-08-25 13:41:50,49.958794,49.958359
2018-08-25 13:41:51,49.959629,49.960457
2018-08-25 13:41:52,49.961838,49.962532
2018-08-25 13:41:53,49.965431,49.965679
2018-08-25 13:41:54,49.967716,49.966915
2018-08-25 13:41:55,49.966461,49.967369
2018-08-25 13:41:56,49.967094,49.965309
2018-08-25 13:41:57,49.962975,49.9632
2018-08-25 13:41:58,49.960976,49.96064
2018-08-25 13:41:59,49.958599,49.95858
2018-08-25 13:42:00,49.955894,49.955856
2018-08-25 13:42:01,49.953297,49.953835
2018-08-25 13:42:02,49.954777,49.95623
2018-08-25 13:42:03,49.963116,49.965275
2018-08-25 13:42:04,49.978249,49.978104
2018-08-25 13:42:05,49.990475,49.990356
2018-08-25 13:42:06,49.998379,49.999371
2018-08-25 13:42:07,50.005997,50.005337
2018-08-25 13:42:08,50.010056,50.010902
2018-08-25 13:42:09,50.016048,50.015537
2018-08-25 13:42:10,50.019447,50.019424
2018-08-25 13:42:11,50.023777,50.022213
2018-08-25 13:42:12,50.024757,50.024719
2018-08-25 13:42:13,50.026783,50.026646
2018-08-25 13:42:14,50.027855,50.027241
2018-08-25 13:42:15,50.027084,50.026802
2018-08-25 13:42:16,50.025383,50.025837
2018-08-25 13:42:17,50.02565,50.025574
2018-08-25 13:42:18,50.025906,50.026382
2018-08-25 13:42:19,50.026279,50.02626
2018-08-25 13:42:20,50.02552,50.025341
2018-08-25 13:42:21,50.022869,50.024567
2018-08-25 13:42:22,50.025272,50.025661
2018-08-25 13:42:23,50.028599,50.028744
2018-08-25 13:42:24,50.031357,50.031952
2018-08-25 13:42:25,50.03495,50.034931
2018-08-25 13:42:26,50.038971,50.03751
2018-08-25 13:42:27,50.041122,50.041462
2018-08-25 13:42:28,50.04459,50.04401
2018-08-25 13:42:29,50.044727,50.044472
2018-08-25 13:42:30,50.043766,50.04459
2018-08-25 13:42:31,50.046062,50.045929
2018-08-25 13:42:32,50.047668,50.047958
2018-08-25 13:42:33,50.049465,50.049858
2018-08-25 13:42:34,50.051552,50.051998
2018-08-25 13:42:35,50.05442,50.055607
2018-08-25 13:42:36,50.06057,50.060326
2018-08-25 13:42:37,50.065296,50.064396
2018-08-25 13:42:38,50.066998,50.06723
2018-08-25 13:42:39,50.06831,50.068367
2018-08-25 13:42:40,50.06776,50.068787
2018-08-25 13:42:41,50.069111,50.068874
2018-08-25 13:42:42,50.07003,50.070278
2018-08-25 13:42:43,50.072121,50.072399
2018-08-25 13:42:44,50.075127,50.074017
2018-08-25 13:42:45,50.074757,50.074425
2018-08-25 13:42:46,50.074986,50.075638
2018-08-25 13:42:47,50.079826,50.077282
2018-08-25 13:42:48,50.082031,50.080181
2018-08-25 13:42:49,50.084396,50.08358
2018-08-25 13:42:50,50.088207,50.088821
2018-08-25 13:42:51,50.093582,50.093208
2018-08-25 13:42:52,50.096275,50.095825
2018-08-25 13:42:53,50.098408,50.098484
2018-08-25 13:42:54,50.100769,50.101337
2018-08-25 13:42:55,50.103886,50.105
2018-08-25 13:42:56,50.108547,50.108459
2018-08-25 13:42:57,50.110706,50.110077
2018-08-25 13:42:58,50.108021,50.107822
2018-08-25 13:42:59,50.104271,50.104897
2018-08-25 13:43:00,50.102749,50.101086
2018-08-25 13:43:01,50.098255,50.09861
2018-08-25 13:43:02,50.097881,50.097019
2018-08-25 13:43:03,50.097202,50.09726
2018-08-25 13:43:04,50.096336,50.096741
2018-08-25 13:43:05,50.094849,50.094852
2018-08-25 13:43:06,50.092613,50.093021
2018-08-25 13:43:07,50.092728,50.091942
2018-08-25 13:43:08,50.092403,50.092068
2018-08-25 13:43:09,50.0938,50.09391
2018-08-25 13:43:10,50.097229,50.097614
2018-08-25 13:43:11,50.101555,50.101944
2018-08-25 13:43:12,50.107357,50.107765
2018-08-25 13:43:13,50.111755,50.111935
2018-08-25 13:43:14,50.114262,50.114021
2018-08-25 13:43:15,50.11433,50.114952
2018-08-25 13:43:16,50.11459,50.115364
2018-08-25 13:43:17,50.114792,50.115871
2018-08-25 13:43:18,50.116234,50.115639
2018-08-25 13:43:19,50.115623,50.115433
2018-08-25 13:43:20,50.113308,50.113369
2018-08-25 13:43:21,50.109207,50.109665
2018-08-25 13:43:22,50.106831,50.106308
2018-08-25 13:43:23,50.103779,50.104137
2018-08-25 13:43:24,50.103008,50.102535
2018-08-25 13:43:25,50.10154,50.100971
2018-08-25 13:43:26,50.098938,50.098991
2018-08-25 13:43:27,50.095791,50.096214
2018-08-25 13:43:28,50.092743,50.092873
2018-08-25 13:43:29,50.089657,50.090088
2018-08-25 13:43:30,50.088943,50.088837
2018-08-25 13:43:31,50.088371,50.088509
2018-08-25 13:43:32,50.089233,50.088886
2018-08-25 13:43:33,50.092239,50.093021
2018-08-25 13:43:34,50.098503,50.09837
2018-08-25 13:43:35,50.104626,50.105061
2018-08-25 13:43:36,50.110668,50.110455
2018-08-25 13:43:37,50.114235,50.114632
2018-08-25 13:43:38,50.117756,50.117455
2018-08-25 13:43:39,50.118477,50.118591
2018-08-25 13:43:40,50.118744,50.118885
2018-08-25 13:43:41,50.119133,50.118877
2018-08-25 13:43:42,50.118866,50.119522
2018-08-25 13:43:43,50.121262,50.121319
2018-08-25 13:43:44,50.124664,50.124519
2018-08-25 13:43:45,50.128242,50.128414
2018-08-25 13:43:46,50.13092,50.130562
2018-08-25 13:43:47,50.130325,50.12915
2018-08-25 13:43:48,50.125824,50.125973
2018-08-25 13:43:49,50.121792,50.122288
2018-08-25 13:43:50,50.118694,50.118088
2018-08-25 13:43:51,50.115051,50.115685
2018-08-25 13:43:52,50.113125,50.113369
2018-08-25 13:43:53,50.112534,50.111702
2018-08-25 13:43:54,50.109512,50.109909
2018-08-25 13:43:55,50.107029,50.10667
2018-08-25 13:43:56,50.104023,50.104378
2018-08-25 13:43:57,50.102287,50.101849
2018-08-25 13:43:58,50.100178,50.100361
2018-08-25 13:43:59,50.100334,50.099476
2018-08-25 13:44:00,50.0984,50.098743
2018-08-25 13:44:01,50.096325,50.095783
2018-08-25 13:44:02,50.091873,50.091892
2018-08-25 13:44:03,50.086308,50.086052
2018-08-25 13:44:04,50.080112,50.080097
2018-08-25 13:44:05,50.07338,50.073563
2018-08-25 13:44:06,50.062519,50.05444
2018-08-25 13:44:07,50.031937,50.042263
2018-08-25 13:44:08,50.045315,50.039757
2018-08-25 13:44:09,50.043995,50.045204
2018-08-25 13:44:10,50.047306,50.048611
2018-08-25 13:44:11,50.051952,50.050598
2018-08-25 13:44:12,50.050911,50.052624
2018-08-25 13:44:13,50.052876,50.050697
2018-08-25 13:44:14,50.045059,50.047527
2018-08-25 13:44:15,50.042839,50.04092
2018-08-25 13:44:16,50.03635,50.036804
2018-08-25 13:44:17,50.032085,50.031445
2018-08-25 13:44:18,50.027622,50.027569
2018-08-25 13:44:19,50.026863,50.026997
2018-08-25 13:44:20,50.029362,50.028591
2018-08-25 13:44:21,50.030174,50.030785
2018-08-25 13:44:22,50.030704,50.030605
2018-08-25 13:44:23,50.028584,50.028629
2018-08-25 13:44:24,50.024685,50.026718
2018-08-25 13:44:25,50.02507,50.025593
2018-08-25 13:44:26,50.02607,50.026543
2018-08-25 13:44:27,50.029106,50.028034
2018-08-25 13:44:28,50.030212,50.029793
2018-08-25 13:44:29,50.032021,50.031433
2018-08-25 13:44:30,50.040588,50.035156
2018-08-25 13:44:31,50.045105,50.044739
2018-08-25 13:44:32,50.052395,50.052002
2018-08-25 13:44:33,50.057186,50.056805
2018-08-25 13:44:34,50.056541,50.058178
2018-08-25 13:44:35,50.057274,50.057209
2018-08-25 13:44:36,50.056393,50.055698
2018-08-25 13:44:37,50.053596,50.053516
2018-08-25 13:44:38,50.050755,50.050854
2018-08-25 13:44:39,50.049561,50.049267
2018-08-25 13:44:40,50.047894,50.046848
2018-08-25 13:44:41,50.043369,50.043484
2018-08-25 13:44:42,50.039665,50.039345
2018-08-25 13:44:43,50.035362,50.036175
2018-08-25 13:44:44,50.035091,50.035049
2018-08-25 13:44:45,50.036083,50.037304
2018-08-25 13:44:46,50.040668,50.039234
2018-08-25 13:44:47,50.040215,50.040264
2018-08-25 13:44:48,50.038811,50.037346
2018-08-25 13:44:49,50.03297,50.033314
2018-08-25 13:44:50,50.027363,50.026871
2018-08-25 13:44:51,50.020363,50.018917
2018-08-25 13:44:52,50.010509,50.010906
2018-08-25 13:44:53,50.002945,50.002289
2018-08-25 13:44:54,49.993504,49.993324
2018-08-25 13:44:55,49.98378,49.982967
