postcode,long,lat
800,130.844,-12.462
810,130.877,-12.37
812,130.914,-12.378
815,130.869,-12.372
820,130.865,-12.423
822,132.884,-13.021
828,130.94,-12.428
829,131.002,-12.449
830,131.04,-12.387
832,130.997,-12.513
834,131.024,-12.547
835,131.062,-12.472
836,131.131,-12.56
837,131.156,-12.762
838,131.007,-12.719
839,131.04,-12.52
840,130.443,-12.733
841,130.97,-12.819
845,131.057,-13.09
846,131.156,-13.168
847,131.826,-13.824
850,132.271,-14.441
852,132.81,-16.829
853,132.379,-14.531
854,136.309,-16.07
860,134.187,-19.655
862,135.836,-18.075
870,133.83,-23.716
872,131.226,-23.596
873,133.855,-23.776
874,133.889,-23.672
875,133.833,-23.697
880,136.646,-12.246
885,136.42,-13.851
886,132.837,-12.669
2000,151.208,-33.868
2006,151.187,-33.888
2007,151.198,-33.88
2008,151.197,-33.888
2009,151.194,-33.869
2010,151.215,-33.883
2011,151.224,-33.87
2015,151.193,-33.908
2016,151.207,-33.893
2017,151.208,-33.903
2018,151.209,-33.925
2019,151.208,-33.952
2020,151.182,-33.94
2021,151.228,-33.893
2022,151.249,-33.896
2023,151.256,-33.881
2024,151.261,-33.903
2025,151.244,-33.887
2026,151.272,-33.89
2027,151.241,-33.872
2028,151.244,-33.878
2029,151.269,-33.874
2030,151.278,-33.857
2031,151.244,-33.915
2032,151.228,-33.926
2033,151.219,-33.913
2034,151.255,-33.924
2035,151.237,-33.942
2036,151.239,-33.971
2037,151.185,-33.879
2038,151.171,-33.881
2039,151.173,-33.865
2040,151.158,-33.877
2041,151.182,-33.856
2042,151.177,-33.899
2043,151.186,-33.903
2044,151.169,-33.92
2045,151.14,-33.878
2046,151.132,-33.861
2047,151.153,-33.853
2048,151.166,-33.893
2049,151.152,-33.895
2050,151.177,-33.889
2052,151.23,-33.917
2060,151.205,-33.839
2061,151.214,-33.848
2062,151.214,-33.822
2063,151.218,-33.811
2064,151.186,-33.811
2065,151.194,-33.826
2066,151.162,-33.816
2067,151.178,-33.796
2068,151.208,-33.8
2069,151.195,-33.783
2070,151.17,-33.776
2071,151.167,-33.763
2072,151.153,-33.756
2073,151.137,-33.752
2074,151.139,-33.712
2075,151.171,-33.721
2076,151.116,-33.716
2077,151.102,-33.678
2079,151.127,-33.667
2080,151.135,-33.646
2081,151.164,-33.58
2082,151.136,-33.596
2083,151.197,-33.559
2084,151.231,-33.644
2085,151.208,-33.725
2086,151.224,-33.748
2087,151.216,-33.767
2088,151.245,-33.829
2089,151.219,-33.836
2090,151.226,-33.83
2092,151.242,-33.792
2093,151.262,-33.795
2094,151.274,-33.794
2095,151.291,-33.805
2096,151.286,-33.774
2097,151.295,-33.734
2099,151.277,-33.742
2100,151.252,-33.753
2101,151.266,-33.697
2102,151.295,-33.688
2103,151.304,-33.676
2104,151.29,-33.662
2105,151.284,-33.641
2106,151.315,-33.657
2107,151.324,-33.632
2108,151.324,-33.598
2109,151.113,-33.772
2110,151.15,-33.832
2111,151.128,-33.83
2112,151.11,-33.812
2113,151.131,-33.792
2114,151.083,-33.808
2115,151.06,-33.812
2116,151.04,-33.813
2117,151.04,-33.796
2118,151.045,-33.776
2119,151.065,-33.754
2120,151.076,-33.727
2121,151.081,-33.769
2122,151.093,-33.783
2123,151.001,-33.814
2125,151.033,-33.748
2126,151.046,-33.722
2127,151.068,-33.839
2128,151.046,-33.834
2129,151.072,-33.862
2130,151.137,-33.893
2131,151.126,-33.889
2132,151.116,-33.88
2133,151.103,-33.897
2134,151.104,-33.878
2135,151.082,-33.878
2136,151.083,-33.894
2137,151.103,-33.855
2138,151.089,-33.84
2139,151.095,-33.836
2140,151.076,-33.863
2141,151.047,-33.867
2142,151.018,-33.835
2143,151.026,-33.888
2144,151.026,-33.855
2145,150.954,-33.815
2146,150.953,-33.79
2147,150.937,-33.768
2148,150.9,-33.786
2150,151.007,-33.815
2151,151.015,-33.784
2152,150.994,-33.787
2153,150.976,-33.755
2154,151,-33.728
2155,150.938,-33.693
2156,150.972,-33.653
2157,151.031,-33.54
2158,151.036,-33.676
2159,151.08,-33.589
2160,150.983,-33.836
2161,150.981,-33.857
2162,151.003,-33.882
2163,150.978,-33.887
2164,150.917,-33.845
2165,150.946,-33.87
2166,150.938,-33.893
2167,150.894,-33.971
2168,150.877,-33.914
2170,150.919,-33.934
2171,150.841,-33.916
2172,150.98,-33.965
2173,150.914,-34.067
2174,150.858,-33.963
2175,150.848,-33.84
2176,150.884,-33.871
2177,150.881,-33.893
2178,150.8,-33.87
2179,150.802,-33.952
2190,151.056,-33.901
2191,151.086,-33.904
2192,151.089,-33.919
2193,151.12,-33.909
2194,151.103,-33.913
2195,151.073,-33.921
2196,151.061,-33.931
2197,150.996,-33.899
2198,150.988,-33.909
2199,151.02,-33.905
2200,151.014,-33.922
2203,151.14,-33.904
2204,151.156,-33.911
2205,151.148,-33.937
2206,151.126,-33.925
2207,151.121,-33.947
2208,151.099,-33.939
2209,151.077,-33.947
2210,151.052,-33.962
2211,151.032,-33.956
2212,151.014,-33.949
2213,150.999,-33.962
2214,150.981,-33.939
2216,151.147,-33.953
2217,151.137,-33.974
2218,151.12,-33.971
2219,151.136,-33.995
2220,151.099,-33.965
2221,151.106,-33.987
2222,151.086,-33.964
2223,151.074,-33.977
2224,151.102,-34.014
2225,151.08,-34.004
2226,151.062,-34.011
2227,151.086,-34.042
2228,151.103,-34.036
2229,151.122,-34.045
2230,151.147,-34.057
2231,151.196,-34.023
2232,151.062,-34.034
2233,151.051,-34.106
2234,151.006,-34.017
2250,151.213,-33.317
2251,151.397,-33.481
2256,151.272,-33.508
2257,151.343,-33.517
2258,151.339,-33.317
2259,151.379,-33.187
2260,151.437,-33.428
2261,151.46,-33.354
2262,151.537,-33.208
2263,151.525,-33.254
2264,151.47,-33.111
2265,151.429,-33.051
2267,151.585,-33.07
2278,151.55,-32.945
2280,151.666,-33.026
2281,151.631,-33.119
2282,151.65,-32.979
2283,151.566,-33.016
2284,151.609,-32.954
2285,151.632,-32.923
2286,151.568,-32.897
2287,151.651,-32.892
2289,151.706,-32.945
2290,151.699,-32.983
2291,151.743,-32.947
2292,151.735,-32.922
2293,151.756,-32.916
2294,151.766,-32.912
2295,151.806,-32.874
2296,151.747,-32.914
2297,151.751,-32.907
2298,151.721,-32.904
2299,151.702,-32.909
2300,151.776,-32.931
2302,151.761,-32.928
2303,151.747,-32.927
2304,151.739,-32.872
2305,151.704,-32.927
2306,151.681,-32.993
2307,151.691,-32.879
2308,151.705,-32.892
2311,151.475,-32.269
2312,152.39,-32.128
2314,151.837,-32.792
2315,152.148,-32.738
2316,152.042,-32.771
2317,152.087,-32.73
2318,151.866,-32.759
2319,152.001,-32.744
2320,151.463,-32.708
2321,151.691,-32.621
2322,151.651,-32.821
2323,151.511,-32.885
2324,151.926,-32.655
2325,151.176,-32.951
2326,151.453,-32.785
2327,151.482,-32.83
2328,150.519,-32.525
2329,150.181,-32.059
2330,150.912,-32.67
2331,151.183,-32.697
2333,150.684,-32.35
2334,151.387,-32.689
2335,151.371,-32.616
2336,150.977,-32.085
2337,151.083,-31.904
2338,150.985,-31.704
2339,150.524,-31.736
2340,150.975,-31.236
2341,150.624,-31.352
2342,150.598,-31.185
2343,150.382,-31.522
2344,150.75,-31.148
2345,150.839,-30.9
2346,150.761,-30.688
2347,150.56,-30.319
2350,151.9,-30.465
2351,151.641,-30.49
2352,151.158,-31.087
2353,151.048,-30.95
2354,151.734,-31.149
2355,151.115,-30.747
2356,148.976,-30.565
2357,149.399,-31.257
2358,151.374,-30.585
2359,151.011,-30.176
2360,151.108,-29.65
2361,151.161,-29.215
2365,151.7,-30.093
2369,151.231,-29.95
2370,151.97,-29.686
2371,151.683,-29.374
2372,152.027,-29.032
2379,149.743,-31.131
2380,150.186,-30.927
2381,150.124,-31.286
2382,150.097,-30.66
2386,148.934,-30.06
2387,148.946,-29.754
2388,149.277,-30.437
2390,149.913,-30.245
2395,149.468,-31.597
2396,149.042,-30.915
2397,149.649,-29.886
2398,149.82,-29.732
2399,150.16,-29.464
2400,149.676,-29.377
2401,150.324,-29.631
2402,150.553,-29.412
2403,150.771,-29.626
2404,150.571,-29.919
2405,149.623,-28.907
2406,149.018,-28.983
2408,150.482,-29.011
2409,150.245,-28.712
2410,150.775,-28.944
2411,150.311,-29.107
2415,151.827,-32.245
2420,151.686,-32.326
2421,151.551,-32.54
2422,151.819,-31.93
2423,152.259,-32.374
2424,152.009,-31.656
2425,152.007,-32.45
2426,152.583,-31.821
2427,152.677,-31.86
2428,152.478,-32.255
2429,152.261,-31.797
2430,152.483,-31.9
2431,153.049,-30.914
2439,152.627,-31.629
2440,152.57,-30.92
2441,152.765,-31.101
2443,152.703,-31.693
2444,152.881,-31.391
2445,152.809,-31.581
2446,152.441,-31.38
2447,152.785,-30.728
2448,152.964,-30.599
2449,152.717,-30.609
2450,152.996,-30.202
2452,153.087,-30.356
2453,152.545,-30.25
2454,152.733,-30.457
2455,152.992,-30.515
2456,153.154,-30.069
2460,152.744,-29.647
2462,153.154,-29.702
2463,153.215,-29.472
2464,153.328,-29.488
2465,153.247,-29.414
2466,153.341,-29.361
2469,152.735,-28.971
2470,152.962,-28.878
2471,153.21,-29.023
2472,153.326,-29.151
2473,153.409,-29.105
2474,152.918,-28.501
2475,152.432,-28.527
2476,152.442,-28.418
2477,153.436,-28.889
2478,153.532,-28.847
2479,153.515,-28.705
2480,153.262,-28.728
2481,153.56,-28.646
2482,153.428,-28.549
2483,153.495,-28.469
2484,153.307,-28.377
2485,153.513,-28.181
2486,153.474,-28.217
2487,153.543,-28.275
2488,153.551,-28.334
2489,153.56,-28.384
2490,153.473,-28.269
2500,150.874,-34.421
2502,150.877,-34.49
2505,150.895,-34.472
2506,150.843,-34.479
2508,150.953,-34.19
2515,150.933,-34.295
2516,150.902,-34.33
2517,150.901,-34.349
2518,150.898,-34.373
2519,150.881,-34.391
2522,150.879,-34.405
2525,150.849,-34.431
2526,150.787,-34.404
2527,150.748,-34.582
2528,150.859,-34.548
2529,150.839,-34.6
2530,150.761,-34.508
2533,150.788,-34.66
2534,150.786,-34.736
2535,150.684,-34.761
2536,150.107,-35.67
2537,149.915,-35.914
2538,150.293,-35.422
2539,150.292,-35.376
2540,150.488,-34.982
2541,150.587,-34.87
2545,149.834,-36.11
2546,149.893,-36.302
2548,149.884,-36.834
2549,149.815,-36.963
2550,149.686,-36.733
2551,149.762,-37.233
2555,150.745,-33.882
2556,150.725,-33.944
2557,150.773,-33.975
2558,150.805,-34.031
2559,150.799,-34.05
2560,150.817,-34.225
2563,150.755,-34.098
2564,150.894,-33.996
2565,150.85,-33.991
2566,150.84,-34.022
2567,150.751,-34.046
2568,150.721,-34.138
2569,150.712,-34.188
2570,150.589,-34.052
2571,150.633,-34.228
2572,150.514,-34.191
2573,150.591,-34.229
2574,150.653,-34.39
2575,150.364,-34.363
2576,150.508,-34.521
2577,150.374,-34.606
2578,150.292,-34.667
2579,150.088,-34.669
2580,149.764,-34.681
2581,149.269,-34.757
2582,148.795,-34.917
2583,149.314,-34.264
2584,148.661,-34.672
2585,148.56,-34.608
2586,148.789,-34.327
2587,148.332,-34.57
2588,148.119,-34.514
2590,147.954,-34.693
2594,148.141,-34.258
2600,149.133,-35.319
2601,149.105,-35.282
2602,149.14,-35.248
2603,149.126,-35.328
2604,149.149,-35.33
2605,149.09,-35.331
2606,149.091,-35.348
2607,149.101,-35.369
2609,149.202,-35.285
2611,148.768,-35.405
2612,149.148,-35.284
2614,149.055,-35.249
2615,149.032,-35.21
2617,149.047,-35.243
2618,149.064,-35.093
2619,149.201,-35.383
2620,149.145,-35.514
2621,149.444,-35.433
2622,149.86,-35.405
2623,149.429,-35.58
2625,148.306,-36.503
2626,149.168,-35.92
2627,148.46,-36.396
2628,148.717,-36.561
2629,148.677,-35.89
2630,149.158,-36.236
2631,149.339,-36.559
2632,149.232,-36.954
2633,148.851,-36.947
2640,147.179,-35.971
2641,146.925,-36.03
2642,147.482,-35.898
2643,146.625,-35.956
2644,147.42,-35.753
2645,146.253,-35.316
2646,146.245,-35.726
2647,146.048,-35.924
2648,142.066,-33.418
2649,148.288,-35.792
2650,147.407,-35.193
2651,147.463,-35.146
2652,146.563,-34.576
2653,148.037,-35.793
2655,147.072,-35.262
2656,146.754,-35.262
2658,146.939,-35.502
2659,146.857,-35.704
2660,147.055,-35.668
2661,147.278,-35.153
2663,147.656,-34.823
2665,146.802,-34.278
2666,147.591,-34.43
2668,147.419,-34.108
2669,146.612,-33.706
2671,147.2,-33.799
2672,146.328,-33.379
2675,145.502,-33.267
2678,147.358,-35.061
2680,145.922,-34.348
2681,146.175,-34.159
2700,146.333,-34.883
2701,147.202,-34.702
2702,147.019,-34.808
2703,146.402,-34.625
2705,146.311,-34.495
2706,145.866,-34.596
2707,145.835,-34.807
2710,144.92,-35.281
2711,144.597,-34.155
2712,145.831,-35.708
2713,145.5,-35.581
2714,145.423,-35.755
2715,143.302,-33.966
2716,145.679,-35.155
2717,142.088,-34.088
2720,148.374,-35.441
2721,147.695,-34.015
2722,148.076,-34.997
2725,147.865,-34.466
2726,148.336,-34.795
2727,148.344,-34.978
2729,147.954,-35.276
2730,148.077,-35.546
2731,144.655,-35.895
2732,144.185,-35.482
2733,144.158,-35.04
2734,143.74,-35.141
2735,143.493,-35.158
2736,143.385,-34.985
2737,142.878,-34.355
2738,142.514,-34.239
2739,142.146,-34.152
2745,150.667,-33.863
2747,150.752,-33.731
2748,150.73,-33.808
2749,150.689,-33.693
2750,150.678,-33.753
2752,150.592,-33.925
2753,150.692,-33.617
2754,150.723,-33.556
2755,150.782,-33.602
2756,150.764,-33.301
2757,150.701,-33.55
2758,150.621,-33.486
2759,150.792,-33.806
2760,150.781,-33.761
2761,150.848,-33.739
2762,150.873,-33.704
2763,150.891,-33.729
2765,150.857,-33.652
2766,150.845,-33.796
2767,150.872,-33.765
2768,150.93,-33.728
2769,150.905,-33.705
2770,150.814,-33.756
2773,150.627,-33.765
2774,150.618,-33.733
2775,150.995,-33.28
2776,150.551,-33.685
2777,150.607,-33.692
2778,150.489,-33.721
2779,150.456,-33.728
2780,150.31,-33.703
2782,150.38,-33.722
2783,150.434,-33.72
2784,150.418,-33.729
2785,150.236,-33.701
2786,150.31,-33.512
2787,150.145,-33.893
2790,150.194,-33.458
2791,149.104,-33.589
2792,148.98,-33.643
2793,148.92,-33.805
2794,148.63,-33.877
2795,149.563,-33.513
2797,149.019,-33.726
2798,149.165,-33.444
2799,149.249,-33.591
2800,149.053,-33.284
2803,148.511,-34.137
2804,148.636,-33.544
2805,148.428,-33.664
2806,148.354,-33.412
2807,148.582,-34.021
2808,148.945,-33.98
2809,148.389,-34.029
2810,148.003,-33.85
2817,148.873,-31.422
2818,148.764,-32.447
2820,148.998,-32.564
2821,148.14,-32.257
2822,148.643,-31.93
2823,147.931,-32.005
2824,147.804,-31.357
2825,147.089,-31.679
2826,147.58,-31.93
2827,148.563,-31.65
2828,148.531,-31.279
2829,148.395,-30.792
2830,148.629,-32.201
2831,146.906,-31.115
2832,148.039,-29.949
2833,148.555,-29.383
2834,147.988,-29.27
2835,145.369,-31.706
2836,143.423,-30.911
2838,147.416,-29.248
2839,146.894,-29.809
2840,144.845,-29.918
2842,149.108,-31.757
2843,149.76,-31.793
2844,149.349,-32.036
2845,150.05,-33.42
2846,150.152,-33.139
2847,149.973,-33.357
2848,149.968,-32.929
2849,150.162,-32.768
2850,149.637,-32.633
2852,149.46,-32.282
2864,148.676,-33.335
2865,148.631,-33.16
2866,148.961,-33.01
2867,148.605,-32.901
2868,148.571,-32.731
2869,148.116,-32.649
2870,148.227,-33.085
2871,147.812,-33.458
2873,147.219,-32.286
2874,147.608,-32.563
2875,147.609,-32.916
2876,147.836,-33.115
2877,146.575,-32.807
2878,144.201,-32.783
2879,142.719,-32.442
2880,141.82,-30.812
2898,159.077,-31.553
2899,167.952,-29.038
2900,149.101,-35.478
2902,149.058,-35.386
2903,149.089,-35.4
2904,149.108,-35.409
2905,149.11,-35.432
2906,149.096,-35.461
2911,149.127,-35.214
2912,149.141,-35.177
2913,149.108,-35.183
2914,149.14,-35.169
3000,144.966,-37.815
3002,144.983,-37.814
3003,144.925,-37.809
3004,144.977,-37.835
3005,144.953,-37.823
3006,144.961,-37.826
3008,144.94,-37.818
3010,144.961,-37.796
3011,144.896,-37.799
3012,144.859,-37.803
3013,144.882,-37.818
3015,144.882,-37.838
3016,144.885,-37.859
3018,144.815,-37.86
3019,144.855,-37.787
3020,144.824,-37.783
3021,144.8,-37.743
3022,144.801,-37.776
3023,144.752,-37.76
3024,144.603,-37.833
3025,144.835,-37.838
3026,144.787,-37.83
3027,144.743,-37.862
3028,144.778,-37.876
3029,144.696,-37.83
3030,144.637,-37.908
3031,144.923,-37.79
3032,144.9,-37.775
3033,144.858,-37.74
3034,144.863,-37.762
3036,144.814,-37.697
3037,144.756,-37.7
3038,144.794,-37.707
3039,144.921,-37.766
3040,144.905,-37.752
3041,144.907,-37.729
3042,144.871,-37.725
3043,144.881,-37.7
3044,144.938,-37.732
3045,144.838,-37.674
3046,144.93,-37.706
3047,144.931,-37.681
3048,144.925,-37.653
3049,144.889,-37.671
3050,144.956,-37.799
3051,144.945,-37.798
3052,144.95,-37.785
3053,144.968,-37.8
3054,144.968,-37.786
3055,144.943,-37.763
3056,144.961,-37.766
3057,144.977,-37.769
3058,144.966,-37.738
3059,144.88,-37.637
3060,144.969,-37.705
3061,144.96,-37.664
3062,144.951,-37.635
3063,144.845,-37.589
3064,144.917,-37.56
3065,144.979,-37.801
3066,144.988,-37.802
3067,145,-37.804
3068,144.99,-37.786
3070,145,-37.773
3071,145.006,-37.758
3072,145.008,-37.742
3073,145.007,-37.712
3074,145.008,-37.684
3075,145.013,-37.667
3076,145.009,-37.639
3078,145.022,-37.783
3079,145.049,-37.769
3081,145.046,-37.742
3082,145.065,-37.664
3083,145.059,-37.697
3084,145.077,-37.747
3085,145.08,-37.723
3086,145.048,-37.722
3087,145.084,-37.705
3088,145.112,-37.698
3089,145.157,-37.668
3090,145.112,-37.667
3091,145.135,-37.638
3093,145.116,-37.739
3094,145.125,-37.719
3095,145.166,-37.711
3096,145.188,-37.667
3097,145.242,-37.689
3099,145.219,-37.581
3101,145.033,-37.803
3102,145.052,-37.791
3103,145.08,-37.809
3104,145.084,-37.792
3105,145.087,-37.769
3106,145.149,-37.754
3107,145.112,-37.764
3108,145.124,-37.785
3109,145.164,-37.779
3111,145.191,-37.79
3113,145.211,-37.74
3114,145.215,-37.777
3115,145.27,-37.736
3116,145.314,-37.739
3121,145.004,-37.823
3122,145.032,-37.825
3123,145.05,-37.831
3124,145.074,-37.838
3125,145.111,-37.85
3126,145.076,-37.824
3127,145.101,-37.824
3128,145.125,-37.829
3129,145.123,-37.805
3130,145.151,-37.823
3131,145.174,-37.827
3132,145.199,-37.818
3133,145.193,-37.848
3134,145.237,-37.792
3135,145.249,-37.822
3136,145.282,-37.791
3137,145.316,-37.819
3138,145.326,-37.781
3139,145.544,-37.813
3140,145.368,-37.756
3141,144.992,-37.839
3142,145.017,-37.842
3143,145.02,-37.857
3144,145.035,-37.855
3145,145.062,-37.877
3146,145.065,-37.856
3147,145.091,-37.867
3148,145.1,-37.882
3149,145.128,-37.878
3150,145.175,-37.892
3151,145.15,-37.854
3152,145.223,-37.866
3153,145.273,-37.837
3154,145.323,-37.856
3155,145.286,-37.856
3156,145.293,-37.921
3158,145.329,-37.905
3159,145.39,-37.921
3160,145.354,-37.931
3161,145.022,-37.872
3162,145.025,-37.891
3163,145.059,-37.894
3165,145.067,-37.922
3166,145.098,-37.902
3167,145.094,-37.924
3168,145.132,-37.917
3169,145.119,-37.943
3170,145.176,-37.926
3171,145.158,-37.946
3172,145.134,-37.974
3173,145.167,-38.005
3174,145.181,-37.964
3175,145.203,-38.019
3177,145.24,-37.991
3178,145.244,-37.924
3179,145.219,-37.902
3180,145.249,-37.891
3181,144.997,-37.853
3182,144.98,-37.863
3183,145,-37.868
3184,144.985,-37.881
3185,145.006,-37.886
3186,144.996,-37.908
3187,145.017,-37.917
3188,145.015,-37.938
3189,145.058,-37.941
3190,145.04,-37.95
3191,145.014,-37.953
3192,145.06,-37.964
3193,145.032,-37.978
3194,145.082,-37.98
3195,145.11,-38.006
3196,145.126,-38.048
3197,145.139,-38.071
3198,145.138,-38.105
3199,145.139,-38.16
3200,145.164,-38.124
3201,145.176,-38.093
3202,145.093,-37.956
3204,145.039,-37.916
3205,144.957,-37.834
3206,144.961,-37.847
3207,144.922,-37.833
3211,144.467,-37.932
3212,144.45,-38.021
3213,144.289,-37.97
3214,144.371,-38.074
3215,144.334,-38.109
3216,144.31,-38.188
3217,144.298,-38.251
3218,144.217,-38.116
3219,144.385,-38.173
3220,144.348,-38.155
3221,144.18,-38.16
3222,144.565,-38.202
3223,144.666,-38.153
3224,144.444,-38.186
3225,144.629,-38.249
3226,144.538,-38.26
3227,144.428,-38.261
3228,144.271,-38.332
3230,144.154,-38.381
3231,144.06,-38.452
3232,143.924,-38.534
3233,143.611,-38.757
3234,143.83,-38.633
3235,143.92,-38.439
3236,143.704,-38.523
3237,143.461,-38.667
3238,143.446,-38.728
3239,143.42,-38.574
3240,144.139,-38.253
3241,143.931,-38.26
3242,143.822,-38.334
3243,143.779,-38.438
3249,143.543,-38.369
3250,143.584,-38.34
3251,143.658,-38.141
3254,143.527,-38.296
3260,143.228,-38.192
3264,142.879,-38.239
3265,142.823,-38.241
3266,143.144,-38.415
3267,143.087,-38.461
3268,142.945,-38.515
3269,143.114,-38.633
3270,142.882,-38.588
3271,143.015,-37.91
3272,142.812,-37.974
3273,142.679,-37.983
3274,142.523,-37.953
3275,142.465,-38.288
3276,142.464,-38.122
3277,142.674,-38.411
3278,142.614,-38.273
3279,142.606,-38.234
3280,142.488,-38.367
3281,142.518,-38.255
3282,142.381,-38.294
3283,142.278,-38.232
3284,142.144,-38.266
3285,141.961,-38.261
3286,142.018,-38.033
3287,142.303,-38.054
3289,142.274,-37.897
3292,141.11,-38.066
3293,142.546,-37.733
3294,142.32,-37.594
3300,142.003,-37.79
3301,142.003,-37.786
3302,141.751,-37.839
3303,141.676,-37.962
3304,141.443,-38.011
3305,141.45,-38.235
3309,141.528,-37.811
3310,141.565,-37.73
3311,141.302,-37.579
3312,141.23,-37.493
3314,142.156,-37.388
3315,141.672,-37.468
3317,141.602,-37.144
3318,141.301,-37.04
3319,141.09,-36.912
3321,143.946,-38.1
3322,143.666,-38.033
3323,143.506,-38.012
3324,143.354,-37.927
3325,143.18,-37.899
3328,144.055,-38.024
3329,143.883,-37.987
3330,143.748,-37.927
3331,144.183,-37.986
3332,144.097,-37.956
3333,144.037,-37.872
3334,144.059,-37.757
3335,144.68,-37.705
3337,144.586,-37.628
3338,144.555,-37.756
3340,144.395,-37.742
3341,144.346,-37.585
3342,144.222,-37.631
3345,144.112,-37.567
3350,143.866,-37.573
3351,143.281,-37.688
3352,143.773,-37.581
3355,143.796,-37.516
3356,143.819,-37.587
3357,143.897,-37.652
3360,143.513,-37.739
3361,143.312,-37.711
3363,143.863,-37.392
3364,143.964,-37.312
3370,143.821,-37.262
3371,143.658,-37.202
3373,143.34,-37.464
3374,142.882,-37.167
3375,143.136,-37.392
3377,142.949,-37.273
3378,143.02,-37.512
3379,142.637,-37.539
3380,142.771,-37.058
3381,142.586,-37.161
3384,143.048,-36.997
3385,142.588,-36.875
3387,142.87,-36.826
3388,142.695,-36.628
3390,142.467,-36.565
3391,142.443,-36.051
3392,142.628,-36.413
3393,142.421,-36.194
3395,142.418,-35.913
3396,142.352,-35.709
3400,142.196,-36.719
3401,142.099,-36.836
3407,141.839,-37.288
3409,141.79,-36.85
3412,141.489,-36.671
3413,141.232,-36.709
3414,142.051,-36.336
3415,141.379,-36.374
3418,141.626,-36.278
3419,141.265,-36.386
3420,141.087,-36.209
3423,141.978,-36.098
3424,141.997,-35.825
3427,144.698,-37.621
3428,144.791,-37.635
3429,144.735,-37.55
3430,144.803,-37.487
3431,144.683,-37.445
3432,144.777,-37.438
3433,144.776,-37.401
3434,144.747,-37.352
3435,144.739,-37.226
3437,144.547,-37.502
3438,144.615,-37.452
3440,144.556,-37.428
3441,144.593,-37.393
3442,144.552,-37.333
3444,144.528,-37.136
3446,144.346,-37.187
3447,144.349,-37.141
3448,144.383,-37.052
3450,144.222,-37.059
3451,144.212,-37.107
3453,144.239,-36.934
3458,144.365,-37.455
3460,144.142,-37.339
3461,144.18,-37.307
3462,144.056,-37.113
3463,144.009,-36.934
3464,143.839,-37.03
3465,143.674,-37.035
3467,143.47,-37.082
3468,143.403,-37.213
3469,143.264,-37.175
3472,143.696,-36.856
3475,143.519,-36.726
3477,143.207,-36.684
3478,143.291,-36.827
3480,142.939,-36.35
3482,142.843,-36.137
3483,142.884,-35.913
3485,142.722,-35.696
3487,142.607,-35.556
3488,142.464,-35.442
3489,142.45,-35.293
3490,141.62,-35.141
3491,142.188,-35.435
3494,142.179,-34.519
3496,141.576,-34.348
3498,142.169,-34.253
3500,142.124,-34.208
3501,142.292,-34.656
3505,141.872,-34.188
3506,141.365,-35.188
3507,142.046,-35.099
3509,141.764,-35.162
3512,141.107,-35.166
3515,144.08,-36.803
3516,144.012,-36.625
3517,143.87,-36.463
3518,143.642,-36.404
3520,143.767,-36.356
3521,144.859,-37.114
3522,144.781,-37.048
3523,144.737,-36.85
3525,143.426,-36.249
3527,143.282,-36.037
3529,143.195,-35.849
3530,143.159,-35.729
3531,142.962,-35.621
3533,142.801,-35.383
3537,143.713,-36.052
3540,143.524,-35.836
3542,143.436,-35.666
3544,143.184,-35.475
3546,142.911,-35.088
3549,142.777,-34.788
3550,144.293,-36.758
3551,144.29,-36.759
3555,144.243,-36.806
3556,144.189,-36.649
3557,144.524,-36.655
3558,144.607,-36.491
3559,144.791,-36.56
3561,144.683,-36.34
3562,144.528,-36.046
3563,144.499,-36.271
3564,144.64,-36.122
3565,144.525,-36.192
3566,144.355,-35.949
3567,144.276,-35.909
3568,144.192,-35.814
3570,144.27,-36.501
3571,144.18,-36.385
3572,144.321,-36.319
3573,144.274,-36.194
3575,144.109,-36.067
3576,143.914,-36.122
3579,143.844,-35.731
3580,144.109,-35.644
3581,143.818,-35.594
3583,143.69,-35.504
3584,143.642,-35.467
3585,143.395,-35.382
3586,143.538,-35.328
3588,143.448,-35.294
3589,143.448,-35.252
3590,143.473,-35.224
3591,143.399,-35.212
3594,143.363,-35.147
3595,143.336,-35.184
3596,143.236,-35.146
3597,143.155,-34.903
3599,143.094,-34.738
3607,145.17,-36.845
3608,145.134,-36.763
3610,145.223,-36.593
3612,145.036,-36.61
3614,145.313,-36.492
3616,145.173,-36.434
3617,145.165,-36.412
3618,145.15,-36.368
3620,145.074,-36.278
3621,144.968,-36.226
3622,144.831,-36.244
3623,144.942,-36.463
3624,144.95,-36.4
3629,145.267,-36.296
3630,145.538,-36.437
3631,145.479,-36.445
3633,145.469,-36.295
3634,145.471,-36.238
3635,145.34,-36.156
3636,145.506,-36.103
3637,145.293,-35.965
3638,145.169,-36.035
3639,145.039,-35.977
3640,145.465,-36
3641,145.444,-35.896
3644,145.666,-35.901
3646,145.708,-36.262
3647,145.7,-36.394
3649,145.705,-36.067
3658,145.152,-37.289
3659,145.132,-37.128
3660,145.265,-37.056
3662,144.949,-36.936
3663,145.165,-36.926
3664,145.295,-36.922
3665,145.36,-36.82
3666,145.548,-36.803
3669,145.749,-36.649
3670,145.877,-36.647
3672,145.997,-36.579
3673,146.078,-36.668
3675,146.208,-36.478
3677,146.316,-36.369
3678,146.438,-36.601
3682,146.42,-36.16
3683,146.603,-36.179
3685,146.453,-36.048
3687,146.421,-36.005
3688,146.721,-36.156
3690,146.849,-36.117
3691,147.135,-36.274
3694,146.932,-36.144
3695,147.119,-36.317
3697,147.2,-36.685
3698,147.138,-36.766
3699,147.288,-36.835
3700,147.271,-36.186
3701,147.449,-36.497
3704,147.485,-36.15
3705,147.799,-36.147
3707,147.926,-36.459
3708,147.913,-36.06
3709,147.667,-36.039
3711,145.711,-37.438
3712,145.839,-37.367
3713,145.989,-37.339
3714,145.72,-37.213
3715,145.754,-36.989
3717,145.454,-37.306
3718,145.525,-37.161
3719,145.609,-37.045
3720,145.881,-37.017
3722,146.137,-37.045
3723,146.28,-37.232
3725,145.895,-36.4
3726,145.99,-36.334
3727,145.941,-36.249
3728,145.933,-36.155
3730,145.972,-36.052
3732,146.33,-36.688
3733,146.413,-36.753
3735,146.603,-36.537
3737,146.814,-36.859
3738,146.784,-36.604
3739,146.846,-36.639
3740,146.864,-36.814
3741,147.103,-36.904
3744,146.985,-36.791
3746,146.554,-36.325
3747,146.711,-36.355
3749,146.867,-36.357
3750,145.005,-37.591
3751,145.033,-37.543
3752,145.084,-37.632
3753,144.972,-37.476
3754,145.117,-37.595
3755,145.127,-37.55
3756,144.926,-37.413
3757,145.194,-37.477
3758,145.034,-37.359
3759,145.246,-37.643
3760,145.288,-37.627
3761,145.287,-37.583
3762,144.939,-37.354
3763,145.358,-37.511
3764,144.934,-37.212
3765,145.347,-37.813
3766,145.383,-37.817
3767,145.35,-37.836
3770,145.424,-37.711
3775,145.379,-37.625
3777,145.52,-37.59
3778,145.635,-37.556
3779,145.94,-37.579
3781,145.511,-37.933
3782,145.457,-37.921
3783,145.639,-37.945
3785,145.316,-37.879
3786,145.335,-37.877
3787,145.352,-37.865
3788,145.38,-37.852
3789,145.359,-37.889
3791,145.405,-37.9
3792,145.402,-37.892
3793,145.428,-37.874
3795,145.433,-37.837
3796,145.388,-37.787
3797,145.704,-37.845
3799,145.805,-37.705
3800,145.135,-37.911
3802,145.256,-37.97
3803,145.269,-38.007
3804,145.327,-37.976
3805,145.304,-38.037
3806,145.352,-38.027
3807,145.385,-38.034
3808,145.432,-37.995
3809,145.417,-38.073
3810,145.493,-38.073
3812,145.569,-38.073
3813,145.628,-38.049
3814,145.656,-38.101
3815,145.71,-38.075
3816,145.772,-38.091
3818,145.842,-38.139
3820,145.939,-38.161
3821,145.971,-38.167
3822,146.009,-38.2
3823,146.068,-38.22
3824,146.168,-38.222
3825,146.328,-37.912
3831,146.02,-37.999
3832,145.99,-37.922
3833,146.061,-37.849
3835,146.171,-38.304
3840,146.421,-38.281
3842,146.424,-38.316
3844,146.612,-38.278
3847,146.828,-38.22
3850,147.073,-38.104
3851,147.143,-38.218
3852,147.143,-38.104
3854,146.593,-38.115
3856,146.592,-38.036
3857,146.674,-38.016
3858,146.685,-37.573
3859,146.874,-37.919
3860,146.947,-37.714
3862,147.191,-37.509
3864,147.315,-37.822
3865,147.466,-37.799
3869,146.361,-38.365
3870,146.35,-38.45
3871,146.179,-38.408
3873,146.693,-38.303
3874,146.894,-38.529
3875,147.55,-37.683
3878,147.68,-37.904
3880,147.755,-37.928
3882,147.749,-37.813
3885,148.195,-37.298
3886,148.451,-37.752
3887,148.056,-37.697
3888,148.607,-37.355
3889,148.878,-37.546
3890,149.211,-37.49
3891,149.52,-37.548
3892,149.8,-37.51
3893,147.79,-37.511
3895,147.853,-37.363
3896,147.796,-37.231
3898,147.509,-37.036
3900,147.912,-36.873
3902,147.811,-37.816
3903,147.869,-37.814
3904,147.843,-37.869
3909,148.012,-37.816
3910,145.197,-38.155
3911,145.173,-38.195
3912,145.222,-38.216
3913,145.187,-38.265
3915,145.132,-38.298
3916,145.052,-38.41
3918,145.17,-38.337
3919,145.203,-38.352
3920,145.198,-38.381
3921,145.365,-38.35
3922,145.217,-38.487
3923,145.28,-38.469
3925,145.373,-38.527
3926,145.1,-38.351
3927,145.159,-38.381
3928,144.967,-38.4
3929,144.978,-38.458
3930,145.093,-38.195
3931,145.06,-38.23
3933,145.119,-38.247
3934,145.031,-38.275
3936,144.999,-38.336
3937,145.025,-38.373
3938,144.933,-38.356
3939,144.896,-38.422
3940,144.876,-38.374
3941,144.82,-38.389
3942,144.772,-38.369
3943,144.741,-38.345
3944,144.7,-38.322
3945,145.677,-38.395
3946,145.744,-38.426
3950,145.843,-38.421
3951,145.793,-38.467
3953,145.979,-38.461
3954,145.952,-38.56
3956,145.96,-38.686
3957,146.091,-38.593
3958,146.015,-38.671
3959,146.085,-38.749
3960,146.303,-38.838
3962,146.349,-38.615
3964,146.269,-38.685
3965,146.477,-38.687
3966,146.435,-38.625
3967,146.542,-38.655
3971,146.639,-38.551
3975,145.238,-38.065
3976,145.269,-38.039
3977,145.275,-38.14
3978,145.374,-38.133
3979,145.622,-38.469
3980,145.371,-38.205
3981,145.581,-38.202
3984,145.559,-38.306
3987,145.684,-38.309
3988,145.803,-38.318
3990,145.526,-38.451
3991,145.466,-38.477
3992,145.583,-38.532
3995,145.589,-38.576
3996,145.759,-38.617
4000,153.024,-27.465
4005,153.046,-27.464
4006,153.033,-27.449
4007,153.066,-27.434
4008,153.119,-27.393
4009,153.09,-27.432
4010,153.044,-27.433
4011,153.062,-27.419
4012,153.055,-27.398
4013,153.073,-27.392
4014,153.085,-27.369
4017,153.051,-27.314
4018,153.039,-27.341
4019,153.091,-27.247
4020,153.102,-27.214
4021,153.084,-27.225
4022,153.055,-27.211
4025,153.406,-27.151
4029,153.027,-27.448
4030,153.036,-27.426
4031,153.03,-27.407
4032,153.023,-27.384
4034,153.043,-27.356
4035,152.982,-27.353
4036,153.02,-27.306
4037,152.937,-27.34
4051,152.99,-27.428
4053,152.989,-27.398
4054,152.953,-27.405
4055,152.93,-27.391
4059,153.007,-27.451
4060,152.984,-27.443
4061,152.942,-27.446
4064,153,-27.463
4065,152.978,-27.46
4066,152.959,-27.476
4067,152.999,-27.5
4068,152.978,-27.505
4069,152.889,-27.495
4070,152.871,-27.558
4072,153.013,-27.498
4073,152.952,-27.546
4074,152.926,-27.551
4075,152.979,-27.548
4076,152.929,-27.582
4077,152.972,-27.595
4078,152.959,-27.62
4101,153.014,-27.483
4102,153.034,-27.494
4103,153.03,-27.511
4104,153.013,-27.514
4105,153.017,-27.532
4106,153.002,-27.551
4107,153.033,-27.55
4108,153.023,-27.567
4109,153.059,-27.582
4110,153.009,-27.612
4111,153.053,-27.549
4112,153.094,-27.607
4113,153.085,-27.588
4114,153.109,-27.646
4115,153.031,-27.634
4116,153.056,-27.63
4117,153.083,-27.643
4118,153.037,-27.67
4119,153.111,-27.609
4120,153.048,-27.507
4121,153.057,-27.524
4122,153.091,-27.543
4123,153.125,-27.579
4124,152.931,-27.727
4125,153.047,-27.725
4127,153.148,-27.626
4128,153.175,-27.657
4129,153.186,-27.684
4130,153.238,-27.669
4131,153.139,-27.67
4132,153.091,-27.681
4133,153.102,-27.727
4151,153.061,-27.499
4152,153.1,-27.503
4153,153.134,-27.509
4154,153.165,-27.489
4155,153.168,-27.517
4156,153.158,-27.56
4157,153.202,-27.566
4158,153.201,-27.484
4159,153.21,-27.5
4160,153.246,-27.5
4161,153.229,-27.532
4163,153.267,-27.533
4164,153.261,-27.568
4165,153.271,-27.631
4169,153.043,-27.481
4170,153.08,-27.471
4171,153.062,-27.455
4172,153.108,-27.454
4173,153.127,-27.473
4174,153.131,-27.447
4178,153.188,-27.398
4179,153.175,-27.465
4183,153.454,-27.547
4184,153.37,-27.625
4205,153.157,-27.687
4207,153.2,-27.765
4208,153.318,-27.774
4209,153.318,-27.838
4210,153.255,-27.912
4211,153.224,-28.129
4212,153.347,-27.888
4213,153.319,-28.135
4214,153.365,-27.962
4215,153.4,-27.967
4216,153.403,-27.877
4217,153.408,-27.998
4218,153.422,-28.04
4220,153.433,-28.093
4221,153.455,-28.128
4222,153.381,-27.963
4223,153.413,-28.194
4224,153.491,-28.149
4225,153.518,-28.164
4226,153.387,-28.058
4227,153.403,-28.101
4228,153.372,-28.18
4229,153.417,-28.073
4230,153.384,-28.076
4270,153.135,-27.871
4271,153.203,-27.913
4272,153.192,-27.947
4275,153.145,-28.07
4280,153.017,-27.811
4285,152.949,-28.054
4287,152.807,-28.267
4300,152.905,-27.648
4301,152.857,-27.634
4303,152.837,-27.602
4304,152.804,-27.609
4305,152.75,-27.659
4306,152.397,-27.088
4307,152.624,-27.816
4309,152.519,-28.02
4310,152.666,-28.089
4311,152.427,-27.419
4312,152.472,-27.219
4313,152.368,-27.118
4340,152.51,-27.753
4341,152.382,-27.714
4342,152.386,-27.552
4343,152.251,-27.699
4344,152.102,-27.579
4345,152.335,-27.553
4346,152.59,-27.56
4347,152.177,-27.617
4350,151.878,-27.574
4352,151.631,-27.789
4353,151.88,-27.155
4354,151.861,-27.296
4355,152.066,-27.143
4356,151.55,-27.658
4357,151.114,-27.985
4358,151.811,-27.777
4359,152.025,-27.788
4360,151.922,-27.837
4361,151.918,-27.934
4362,152.061,-28.027
4363,151.735,-27.683
4364,151.429,-27.716
4365,151.621,-28.021
4370,151.998,-28.23
4371,152.319,-28.179
4372,152.24,-28.301
4373,152.354,-28.32
4374,151.836,-28.467
4375,151.946,-28.524
4376,151.933,-28.553
4377,152.03,-28.546
4378,151.933,-28.615
4380,151.693,-28.757
4381,151.876,-28.752
4382,151.8,-28.853
4383,151.948,-28.925
4384,151.179,-28.738
4385,151.116,-28.815
4387,151.158,-28.46
4388,150.604,-28.566
4390,150.384,-28.232
4400,151.8,-27.488
4401,151.714,-27.399
4402,151.825,-26.958
4403,151.546,-27.338
4404,151.454,-27.267
4405,151.11,-27.225
4406,150.436,-27.486
4407,150.99,-27.568
4408,151.356,-26.836
4410,151.119,-26.694
4411,150.962,-26.852
4412,150.82,-26.87
4413,150.632,-26.387
4415,150.229,-26.509
4416,149.96,-26.955
4417,149.133,-27.202
4418,150.09,-26.259
4419,150.023,-25.983
4420,149.502,-25.44
4421,150.476,-27.259
4422,149.727,-27.616
4423,149.503,-27.358
4424,149.947,-26.651
4425,149.77,-26.626
4426,149.625,-26.547
4427,149.461,-26.346
4428,149.206,-26.469
4454,148.619,-25.658
4455,148.656,-26.698
4461,148.371,-26.642
4462,148.207,-26.531
4465,147.812,-26.304
4467,147.453,-26.343
4468,146.946,-26.694
4470,146.186,-26.236
4472,145.445,-24.591
4474,144.773,-25.782
4475,144.974,-26.859
4477,147.111,-25.39
4478,146.262,-25.051
4479,145.535,-26.657
4480,142.965,-26.764
4481,141.713,-25.567
4482,139.162,-25.406
4486,147.935,-28.643
4487,148.565,-27.884
4488,147.197,-28.06
4489,146.073,-27.277
4490,145.768,-28.143
4491,145.017,-28.213
4492,142.779,-28.243
4493,144.347,-28.805
4494,149.625,-28.222
4496,149.349,-28.485
4497,148.918,-28.508
4498,149.851,-28.375
4500,152.932,-27.302
4501,152.986,-27.282
4502,152.972,-27.265
4503,152.962,-27.24
4504,152.931,-27.187
4505,152.985,-27.149
4506,152.923,-27.134
4507,153.136,-26.989
4508,153.016,-27.183
4509,153.031,-27.233
4510,152.97,-27.074
4511,153.079,-27.072
4512,152.855,-27.026
4514,152.729,-26.946
4515,152.479,-26.756
4516,152.961,-27
4517,152.97,-26.951
4518,152.938,-26.905
4519,152.962,-26.86
4520,152.831,-27.325
4521,152.766,-27.152
4550,152.982,-26.808
4551,153.086,-26.8
4552,152.759,-26.737
4553,153.003,-26.759
4554,152.966,-26.731
4555,152.949,-26.693
4556,153.053,-26.698
4557,153.106,-26.696
4558,153.079,-26.653
4559,152.979,-26.657
4560,152.93,-26.611
4561,152.991,-26.544
4562,152.916,-26.485
4563,152.881,-26.428
4564,153.082,-26.606
4565,153.003,-26.298
4566,153.061,-26.423
4567,153.096,-26.406
4568,152.851,-26.365
4569,152.813,-26.34
4570,152.597,-26.17
4571,152.929,-26.228
4572,153.104,-26.671
4573,153.076,-26.51
4574,152.722,-26.614
4575,153.125,-26.727
4580,153.004,-25.987
4581,153.141,-25.272
4600,152.24,-26.081
4601,152.088,-26.11
4605,151.892,-26.144
4606,151.8,-26.269
4608,151.819,-26.373
4610,151.467,-26.529
4611,151.763,-26.176
4612,151.626,-26.001
4613,151.384,-26.181
4614,151.931,-26.847
4615,151.963,-26.645
4620,152.281,-25.655
4621,152.036,-25.504
4625,151.643,-25.615
4626,151.09,-25.802
4627,150.835,-25.364
4630,151.084,-24.855
4650,152.638,-25.643
4655,152.825,-25.372
4659,152.61,-25.298
4660,152.333,-25.208
4662,152.576,-25.354
4670,152.235,-24.856
4671,151.764,-25.054
4673,152.061,-24.717
4674,151.875,-24.54
4676,151.635,-24.595
4677,151.689,-24.298
4678,151.526,-24.175
4680,151.14,-24.141
4694,151.095,-23.778
4695,150.959,-23.782
4697,150.775,-23.831
4699,150.647,-23.653
4700,150.596,-23.358
4701,150.608,-23.312
4702,149.334,-23.771
4703,150.674,-23.004
4704,150.389,-23.126
4705,149.162,-22.765
4706,149.68,-22.644
4707,149.406,-22.23
4709,148.352,-23.034
4710,150.8,-23.266
4711,150.464,-23.272
4712,149.679,-23.684
4713,149.446,-24.136
4714,150.395,-23.721
4715,150.522,-24.401
4716,150.665,-24.589
4717,148.791,-23.485
4718,149.524,-24.706
4719,150.211,-25.079
4720,148.256,-23.455
4721,147.187,-22.508
4722,147.693,-24.327
4723,148.095,-23.066
4724,146.707,-23.634
4725,145.336,-23.617
4726,145.346,-22.488
4727,144.545,-23.661
4728,146.091,-23.257
4730,143.342,-23.639
4731,144.164,-24.572
4732,144.658,-22.427
4733,143.335,-22.039
4735,141.683,-23.267
4736,143.174,-25.048
4737,149.091,-21.477
4738,149.258,-21.647
4739,149.371,-21.865
4740,149.128,-21.157
4741,148.634,-21.277
4742,148.474,-21.741
4743,147.997,-21.348
4744,147.89,-21.947
4745,148.342,-22.571
4746,148.826,-22.677
4750,149.147,-21.026
4751,149.044,-21.203
4753,148.928,-21.147
4754,148.788,-21.255
4756,148.6,-21.123
4757,148.479,-21.187
4798,148.75,-20.817
4799,148.578,-20.7
4800,148.523,-20.405
4801,148.888,-20.051
4802,148.888,-20.237
4803,148.961,-20.353
4804,147.488,-20.993
4805,147.89,-20.215
4806,147.402,-19.843
4807,147.198,-19.937
4808,147.348,-19.503
4809,147.059,-19.579
4810,146.967,-19.309
4811,146.814,-19.355
4812,146.79,-19.286
4814,146.765,-19.299
4815,146.65,-19.528
4816,144.782,-20.395
4817,146.502,-19.436
4818,146.548,-19.229
4819,146.833,-19.139
4820,146.036,-20.446
4821,144.034,-20.805
4822,142.912,-20.342
4823,141.061,-20.424
4824,140.311,-20.113
4825,138.696,-20.497
4828,138.511,-19.611
4829,139.462,-23.732
4830,138.936,-17.824
4849,146.07,-18.352
4850,145.681,-18.722
4852,146.082,-17.893
4854,145.826,-17.971
4855,146.022,-17.826
4856,145.978,-17.738
4858,146.07,-17.592
4859,145.959,-17.595
4860,145.844,-17.439
4861,145.944,-17.328
4865,145.778,-17.112
4868,145.744,-16.974
4869,145.749,-17.03
4870,145.697,-17.007
4871,143.445,-17.981
4872,145.158,-17.918
4873,145.281,-16.269
4874,142.431,-12.121
4875,142.332,-10.124
4876,142.337,-10.974
4877,145.494,-16.594
4878,145.709,-16.843
4879,145.68,-16.782
4880,145.359,-16.979
4881,145.566,-16.833
4882,145.465,-17.192
4883,145.5,-17.322
4884,145.69,-17.27
4885,145.63,-17.39
4886,145.609,-17.527
4887,145.201,-17.41
4888,145.431,-17.583
4890,141.247,-17.501
4891,140.872,-17.488
4892,142.901,-15.308
4895,144.924,-15.14
5000,138.601,-34.929
5005,138.605,-34.919
5006,138.595,-34.908
5007,138.57,-34.903
5008,138.568,-34.886
5009,138.55,-34.892
5010,138.568,-34.863
5011,138.536,-34.881
5012,138.547,-34.862
5013,138.544,-34.842
5014,138.515,-34.868
5015,138.508,-34.838
5016,138.498,-34.823
5017,138.502,-34.787
5018,138.491,-34.788
5019,138.485,-34.848
5020,138.485,-34.865
5021,138.495,-34.873
5022,138.498,-34.906
5023,138.52,-34.895
5024,138.511,-34.933
5025,138.536,-34.911
5031,138.568,-34.923
5032,138.538,-34.925
5033,138.56,-34.939
5034,138.59,-34.955
5035,138.578,-34.949
5037,138.557,-34.955
5038,138.553,-34.969
5039,138.574,-34.98
5040,138.532,-34.966
5041,138.593,-34.985
5042,138.577,-35.01
5043,138.554,-34.996
5044,138.526,-34.992
5045,138.519,-34.976
5046,138.54,-35.007
5047,138.551,-35.028
5048,138.525,-35.016
5049,138.525,-35.045
5050,138.591,-35.025
5051,138.622,-35.033
5052,138.642,-35.007
5061,138.606,-34.956
5062,138.63,-34.982
5063,138.622,-34.951
5064,138.646,-34.961
5065,138.639,-34.939
5066,138.669,-34.943
5067,138.632,-34.922
5068,138.653,-34.921
5069,138.626,-34.909
5070,138.642,-34.897
5072,138.694,-34.912
5073,138.681,-34.896
5074,138.669,-34.882
5075,138.676,-34.868
5076,138.731,-34.872
5081,138.616,-34.892
5082,138.592,-34.884
5083,138.611,-34.878
5084,138.59,-34.86
5085,138.619,-34.856
5086,138.642,-34.86
5087,138.646,-34.872
5088,138.672,-34.852
5089,138.706,-34.854
5090,138.696,-34.845
5091,138.732,-34.823
5092,138.683,-34.823
5093,138.661,-34.836
5094,138.574,-34.819
5095,138.616,-34.818
5096,138.658,-34.803
5097,138.708,-34.822
5098,138.643,-34.831
5106,138.635,-34.792
5107,138.61,-34.784
5108,138.624,-34.758
5109,138.675,-34.772
5110,138.569,-34.737
5111,138.635,-34.719
5112,138.672,-34.736
5113,138.678,-34.701
5114,138.762,-34.709
5115,138.69,-34.652
5116,138.722,-34.631
5117,138.65,-34.639
5118,138.732,-34.585
5120,138.528,-34.677
5121,138.622,-34.673
5125,138.727,-34.774
5126,138.728,-34.798
5127,138.687,-34.799
5131,138.765,-34.802
5132,138.762,-34.849
5133,138.792,-34.802
5134,138.758,-34.891
5136,138.736,-34.918
5137,138.74,-34.938
5138,138.773,-34.935
5139,138.801,-34.93
5140,138.692,-34.95
5141,138.712,-34.944
5142,138.745,-34.961
5144,138.769,-34.968
5150,138.67,-34.971
5151,138.733,-34.978
5152,138.7,-34.988
5153,138.782,-35.109
5154,138.74,-35.017
5155,138.766,-35.003
5156,138.681,-35.025
5157,138.7,-35.18
5158,138.531,-35.068
5159,138.594,-35.073
5160,138.493,-35.107
5161,138.532,-35.095
5162,138.54,-35.115
5163,138.553,-35.141
5164,138.496,-35.13
5165,138.478,-35.135
5166,138.476,-35.121
5167,138.475,-35.157
5168,138.5,-35.165
5169,138.483,-35.189
5170,138.481,-35.232
5171,138.567,-35.203
5172,138.598,-35.287
5173,138.47,-35.28
5174,138.482,-35.334
5201,138.732,-35.206
5202,138.481,-35.404
5203,138.355,-35.539
5204,138.229,-35.563
5210,138.644,-35.346
5211,138.528,-35.522
5212,138.672,-35.507
5213,138.71,-35.484
5214,138.806,-35.473
5220,137.257,-35.782
5221,137.754,-35.778
5222,137.96,-35.812
5223,137.165,-35.83
5231,138.852,-34.766
5232,138.836,-34.862
5233,138.907,-34.811
5234,138.976,-34.818
5235,139.086,-34.698
5236,139.072,-34.868
5237,139.189,-34.812
5238,139.525,-34.845
5240,138.823,-34.924
5241,138.874,-34.9
5242,138.824,-34.995
5243,138.858,-34.98
5244,138.959,-34.931
5245,138.808,-35.034
5250,138.864,-35.042
5251,138.886,-35.1
5252,138.965,-35.046
5253,139.396,-35.108
5254,139.151,-35.059
5255,138.955,-35.286
5256,138.96,-35.422
5259,139.29,-35.456
5260,139.491,-35.285
5261,139.737,-35.551
5262,140.884,-36.808
5263,140.883,-37.292
5264,139.485,-35.886
5265,139.786,-35.729
5266,139.943,-35.977
5267,140.411,-36.134
5268,140.783,-36.364
5269,140.905,-36.358
5270,140.554,-36.385
5271,140.608,-36.846
5272,140.336,-37.079
5273,140.178,-36.943
5275,139.98,-36.717
5276,139.933,-37.256
5277,140.824,-37.4
5278,140.716,-37.562
5279,140.568,-37.489
5280,140.307,-37.527
5290,140.78,-37.828
5291,140.724,-37.86
5301,140.042,-35.422
5302,140.545,-35.564
5303,140.696,-35.314
5304,140.833,-35.145
5306,139.704,-35.132
5307,140.019,-35.159
5308,139.954,-34.767
5309,140.202,-34.93
5310,140.287,-34.709
5311,140.607,-34.64
5320,139.552,-33.977
5321,139.779,-34.091
5322,139.908,-34.145
5330,140.058,-34.2
5331,140.318,-34.221
5332,140.297,-34.347
5333,140.504,-34.503
5340,140.858,-34.178
5341,140.789,-33.636
5342,140.571,-34.192
5343,140.574,-34.344
5344,140.549,-34.282
5345,140.451,-34.288
5346,140.411,-34.235
5350,138.838,-34.574
5351,138.929,-34.663
5352,138.943,-34.544
5353,139.302,-34.598
5354,139.691,-34.574
5355,138.978,-34.452
5356,139.259,-34.384
5357,139.656,-34.354
5360,138.913,-34.445
5371,138.78,-34.492
5372,138.815,-34.446
5373,138.919,-34.313
5374,139.222,-34.155
5381,139.097,-33.915
5400,138.661,-34.451
5401,138.641,-34.264
5410,138.745,-34.345
5411,138.767,-34.256
5412,138.734,-34.156
5413,138.881,-34.038
5414,138.805,-33.99
5415,138.756,-33.912
5416,138.807,-33.816
5417,140.039,-33.47
5418,139.151,-33.433
5419,139.05,-33.319
5420,138.84,-33.217
5421,139.014,-33.144
5422,138.987,-32.871
5431,138.857,-32.593
5432,139.129,-31.859
5433,138.131,-32.305
5434,138.642,-31.552
5440,140.276,-31.433
5451,138.68,-34.037
5452,138.649,-33.969
5453,138.592,-33.883
5454,138.629,-33.483
5455,138.653,-33.697
5460,138.512,-34.293
5461,138.402,-34.062
5462,138.461,-33.843
5464,138.388,-33.684
5470,138.476,-33.568
5471,138.468,-33.467
5472,138.412,-33.375
5473,138.37,-33.268
5480,138.337,-33.107
5481,138.223,-33.009
5482,138.349,-32.866
5483,138.192,-32.812
5485,138.128,-32.637
5490,138.452,-33.165
5491,138.606,-33.2
5493,138.745,-33.028
5495,138.009,-32.868
5501,138.391,-34.466
5502,138.53,-34.47
5510,138.139,-33.919
5520,138.151,-33.778
5521,138.201,-33.528
5522,137.923,-33.647
5523,138.14,-33.38
5540,138.028,-33.214
5550,138.208,-34.131
5552,137.924,-34.092
5554,137.778,-33.982
5555,137.972,-33.719
5556,137.668,-33.893
5558,137.617,-34.122
5560,138.01,-33.887
5570,137.948,-34.258
5571,137.838,-34.452
5572,137.777,-34.235
5573,137.616,-34.409
5575,137.361,-34.926
5576,137.602,-35.014
5577,137.245,-35.066
5580,137.759,-34.667
5581,137.834,-34.76
5582,137.766,-34.898
5583,137.718,-35.073
5600,137.095,-32.972
5601,137.496,-33.033
5602,136.905,-33.525
5603,136.225,-33.878
5604,136.317,-34.065
5605,136.109,-34.252
5606,136.07,-34.927
5607,135.645,-34.243
5608,137.53,-33.03
5609,137.508,-33.027
5630,135.669,-34.42
5631,135.694,-34.26
5632,135.605,-34.064
5633,135.775,-33.535
5640,136.446,-33.566
5641,136.143,-32.994
5642,136.119,-33.55
5650,135.713,-33.243
5651,135.636,-33.124
5652,135.452,-33.019
5653,135.277,-32.936
5654,135.066,-32.986
5655,135.284,-32.597
5660,134.606,-32.599
5661,134.661,-32.378
5670,135.196,-33.516
5671,134.571,-33.06
5680,134.34,-32.412
5690,131.529,-29.999
5700,137.85,-32.583
5701,137.361,-32.232
5710,137.864,-32.509
5713,137.529,-31.477
5715,137.127,-32.347
5717,135.698,-31.943
5719,135.434,-30.781
5720,137.025,-30.211
5722,137.165,-30.454
5723,135.232,-28.957
5724,133.862,-27.075
5725,136.878,-30.483
5730,138.574,-30.953
5731,139.981,-28.204
5732,139.486,-30.43
5733,138.482,-28.313
5734,136.94,-26.913
5950,138.531,-34.946
5960,138.529,-34.79
6000,115.861,-31.95
6003,115.862,-31.943
6004,115.877,-31.957
6005,115.837,-31.957
6006,115.853,-31.927
6007,115.837,-31.935
6008,115.814,-31.953
6009,115.806,-31.985
6010,115.777,-31.97
6011,115.76,-31.995
6012,115.766,-32.015
6014,115.805,-31.937
6015,115.766,-31.936
6016,115.832,-31.92
6017,115.813,-31.911
6018,115.787,-31.887
6019,115.771,-31.907
6020,115.766,-31.846
6021,115.816,-31.877
6022,115.813,-31.851
6023,115.776,-31.833
6024,115.805,-31.832
6025,115.757,-31.801
6026,115.798,-31.8
6027,115.761,-31.755
6028,115.733,-31.727
6029,115.758,-31.876
6030,115.716,-31.683
6031,115.776,-31.688
6032,115.757,-31.639
6033,115.722,-31.596
6034,115.669,-31.584
6035,115.738,-31.525
6036,115.697,-31.643
6037,115.617,-31.485
6038,115.686,-31.614
6041,115.573,-31.362
6042,115.456,-31.265
6043,115.466,-31.179
6044,115.366,-30.93
6050,115.87,-31.926
6051,115.9,-31.937
6052,115.885,-31.914
6053,115.918,-31.917
6054,115.945,-31.899
6055,115.987,-31.864
6056,116.041,-31.855
6057,116.011,-31.95
6058,116.007,-31.984
6059,115.872,-31.888
6060,115.846,-31.902
6061,115.849,-31.864
6062,115.907,-31.885
6063,115.942,-31.863
6064,115.85,-31.834
6065,115.824,-31.772
6066,115.896,-31.84
6067,115.9,-31.814
6068,115.941,-31.825
6069,116.024,-31.768
6070,116.081,-31.925
6071,116.1,-31.888
6072,116.132,-31.917
6073,116.163,-31.923
6074,116.252,-31.961
6076,116.148,-32.013
6077,115.861,-31.755
6078,115.833,-31.634
6079,115.918,-31.73
6081,116.149,-31.863
6082,116.272,-31.785
6083,116.244,-31.709
6084,116.068,-31.592
6090,115.894,-31.859
6100,115.896,-31.965
6101,115.91,-31.985
6102,115.907,-32.004
6103,115.916,-31.961
6104,115.934,-31.942
6105,115.963,-31.955
6106,115.949,-31.993
6107,115.966,-32.017
6108,115.955,-32.06
6109,116.014,-32.043
6110,116.007,-32.085
6111,116.173,-32.161
6112,116.003,-32.164
6121,115.925,-32.236
6122,116.042,-32.244
6123,115.993,-32.277
6124,116.142,-32.356
6125,115.958,-32.366
6126,116.03,-32.437
6147,115.928,-32.044
6148,115.899,-32.033
6149,115.865,-32.069
6150,115.837,-32.061
6151,115.87,-31.981
6152,115.871,-32.008
6153,115.842,-32.024
6154,115.826,-32.039
6155,115.909,-32.074
6156,115.803,-32.037
6157,115.786,-32.036
6158,115.768,-32.038
6159,115.748,-32.037
6160,115.759,-32.053
6161,115.513,-32.006
6162,115.765,-32.068
6163,115.8,-32.088
6164,115.859,-32.133
6165,115.803,-32.196
6166,115.792,-32.152
6167,115.834,-32.222
6168,115.737,-32.261
6169,115.758,-32.324
6170,115.83,-32.267
6171,115.831,-32.329
6172,115.752,-32.373
6173,115.759,-32.406
6174,115.761,-32.425
6175,115.757,-32.444
6176,115.795,-32.417
6180,115.773,-32.482
6181,115.794,-32.478
6182,115.831,-32.43
6207,116.048,-32.518
6208,115.861,-32.654
6209,115.787,-32.545
6210,115.722,-32.539
6211,115.645,-32.716
6213,116.114,-32.678
6214,115.815,-32.756
6215,115.92,-32.858
6218,115.866,-32.958
6220,115.943,-33.028
6221,115.99,-33.158
6223,115.847,-33.181
6224,115.863,-33.232
6225,116.279,-33.388
6226,115.866,-33.294
6227,115.835,-33.331
6228,115.763,-33.328
6229,115.713,-33.347
6230,115.649,-33.38
6232,115.721,-33.311
6233,115.729,-33.206
6236,115.867,-33.434
6237,115.674,-33.505
6239,115.892,-33.595
6240,115.965,-33.534
6243,116.178,-33.712
6244,116.587,-33.923
6251,115.872,-33.725
6252,115.94,-33.752
6253,115.986,-33.805
6254,116.045,-33.847
6255,116.233,-33.87
6256,116.201,-34.066
6258,116.349,-34.342
6260,115.855,-34.418
6262,116.231,-34.685
6271,115.594,-33.587
6275,115.651,-34.033
6280,115.303,-33.721
6281,115.08,-33.615
6282,115.05,-33.689
6284,115.318,-33.862
6285,115.282,-34
6286,115.091,-34.082
6288,115.221,-34.204
6290,115.133,-34.278
6302,116.676,-31.989
6304,116.913,-32.165
6306,117.109,-32.351
6308,117.043,-32.582
6309,117.145,-32.655
6311,117.168,-32.783
6312,117.344,-32.951
6313,117.213,-33.086
6315,117.346,-33.275
6316,117.39,-33.528
6317,117.701,-33.609
6318,117.616,-33.878
6320,117.698,-34.104
6321,117.484,-34.249
6322,117.436,-34.396
6323,117.592,-34.478
6324,117.664,-34.61
6326,117.712,-34.774
6327,117.613,-34.886
6328,118.443,-34.613
6330,117.836,-34.939
6333,117.119,-34.89
6335,118.076,-33.926
6336,118.571,-33.965
6337,119.123,-33.96
6338,118.46,-34.319
6341,118.172,-33.56
6343,118.787,-33.546
6346,119.876,-33.735
6348,120.09,-33.859
6350,117.808,-33.305
6351,117.938,-33.197
6352,118.127,-33.204
6353,118.557,-33.057
6355,119.298,-33.032
6356,119.904,-33.026
6357,118.77,-32.67
6358,118.686,-32.418
6359,119.456,-32.446
6361,117.805,-32.969
6363,118.132,-32.903
6365,118.192,-32.69
6367,118.323,-32.429
6368,118.46,-32.194
6369,118.75,-32.05
6370,117.641,-32.786
6372,117.695,-32.639
6373,117.739,-32.51
6375,117.887,-32.321
6383,117.396,-32.009
6384,117.649,-31.974
6385,117.733,-31.989
6386,117.862,-31.966
6390,116.401,-32.674
6391,116.715,-33.056
6392,116.764,-33.35
6393,116.742,-33.563
6394,116.926,-33.759
6395,117.127,-33.958
6396,116.967,-34.339
6397,116.984,-34.592
6398,116.599,-34.813
6401,116.74,-31.563
6403,116.816,-31.639
6405,117.029,-31.586
6407,117.241,-31.609
6409,117.495,-31.607
6410,117.731,-31.637
6411,117.873,-31.602
6412,117.935,-31.439
6413,118.069,-31.518
6414,118.183,-31.52
6415,118.337,-31.516
6418,118.169,-31.842
6419,118.113,-32.038
6420,118.602,-31.821
6421,118.558,-31.255
6422,118.585,-31.338
6423,118.75,-31.102
6424,118.896,-31.347
6425,119.147,-31.423
6426,119.343,-31.078
6427,119.563,-30.822
6428,118.042,-32.143
6429,120.672,-31.081
6430,121.609,-30.95
6431,125.005,-29.666
6432,121.497,-30.787
6434,125.648,-30.764
6436,120.189,-29.464
6437,120.592,-27.909
6438,121.459,-28.384
6440,125.401,-27.891
6442,121.636,-31.202
6443,124.244,-31.978
6445,121.089,-32.914
6446,121.788,-33.23
6447,121.881,-33.381
6448,121.826,-33.624
6450,121.738,-33.592
6452,123.084,-33.097
6460,116.805,-31.246
6461,117.045,-31.113
6462,117.141,-31.219
6463,117.293,-31.129
6465,117.158,-30.886
6466,117.11,-30.72
6467,117.146,-30.558
6468,117.236,-30.101
6470,117.329,-30.399
6472,117.988,-30.001
6473,118.122,-30.4
6475,117.45,-30.639
6476,117.684,-30.733
6477,117.933,-30.773
6479,118.397,-30.652
6480,118.218,-31.307
6484,119.438,-30.551
6485,117.453,-31.194
6487,117.666,-31.169
6488,117.789,-31.157
6489,117.94,-31.11
6490,118.208,-31.149
6501,115.928,-31.557
6502,116.18,-31.328
6503,115.792,-31.211
6504,116.07,-31.298
6505,116.143,-31.162
6506,116.047,-31.016
6507,115.631,-30.732
6509,116.245,-30.953
6510,116.088,-30.704
6511,115.077,-30.502
6512,116.042,-30.417
6513,116.14,-30.222
6514,115.027,-30.023
6515,115.927,-29.996
6516,115.101,-30.282
6517,115.884,-29.724
6518,115.286,-29.914
6519,115.577,-29.526
6521,115.47,-30.37
6522,115.484,-29.158
6525,115.092,-29.326
6528,114.851,-28.974
6530,114.529,-28.717
6532,114.757,-27.453
6535,114.524,-28.2
6536,114.321,-27.546
6537,113.631,-26.23
6556,116.331,-31.919
6558,116.321,-31.804
6560,116.374,-31.755
6562,116.453,-31.815
6564,116.524,-31.709
6566,116.483,-31.41
6567,116.268,-31.465
6568,116.506,-31.246
6569,116.408,-31.103
6571,116.442,-30.924
6572,116.396,-30.812
6574,116.411,-30.632
6575,116.378,-30.42
6603,116.729,-30.903
6605,116.818,-30.706
6606,116.782,-30.569
6608,116.709,-30.416
6609,116.736,-30.244
6612,117.41,-29.262
6613,116.569,-29.969
6614,116.564,-29.856
6616,116.502,-29.752
6620,116.67,-29.384
6623,116.161,-29.172
6625,115.826,-29.184
6627,115.889,-28.884
6628,115.783,-28.752
6630,115.916,-26.88
6631,115.984,-28.532
6632,115.263,-28.62
6635,116.654,-27.814
6638,117.976,-28.238
6639,119.173,-28.336
6640,117.655,-26.989
6642,118.864,-25.14
6646,122.245,-25.312
6701,114.47,-24.612
6705,116.355,-24.727
6707,114.2,-22.507
6710,115.214,-22.44
6711,114.987,-21.454
6712,115.41,-20.761
6713,116.701,-20.552
6714,117.039,-21.062
6716,116.778,-21.767
6718,117.276,-20.774
6720,117.164,-20.662
6721,118.837,-20.537
6722,119.019,-20.324
6725,122.475,-18.652
6726,122.21,-17.951
6728,124.876,-17.838
6731,123.615,-16.096
6733,123.752,-16.13
6740,126.406,-15.042
6743,127.659,-16.193
6751,117.267,-22.756
6753,119.933,-22.961
6754,117.694,-23.193
6758,120.216,-21.972
6760,119.679,-21.155
6762,123.261,-21.209
6765,124.878,-17.957
6770,127.594,-19.227
6798,105.636,-10.485
6799,96.862,-12.135
7000,147.315,-42.877
7001,146.286,-43.646
7004,147.289,-42.897
7005,147.336,-42.911
7007,147.322,-42.92
7008,147.285,-42.866
7009,147.298,-42.842
7010,147.262,-42.836
7011,147.228,-42.793
7012,147.179,-42.836
7015,147.359,-42.838
7016,147.372,-42.809
7017,147.331,-42.724
7018,147.397,-42.876
7019,147.439,-42.895
7020,147.496,-42.97
7021,147.486,-42.909
7022,147.437,-43.032
7023,147.407,-42.99
7024,147.524,-42.95
7025,147.413,-42.741
7026,147.437,-42.617
7027,147.358,-42.522
7030,147.028,-42.271
7050,147.293,-42.964
7052,147.318,-43.008
7053,147.34,-42.951
7054,147.185,-42.946
7055,147.296,-43.002
7109,146.92,-43.161
7112,147.133,-43.173
7113,146.983,-43.083
7116,146.892,-43.162
7117,147.015,-43.298
7119,147.385,-42.395
7120,147.505,-42.325
7139,146.11,-42.754
7140,146.198,-42.702
7150,147.256,-43.255
7155,147.229,-43.128
7162,147.217,-43.166
7163,147.234,-43.222
7170,147.467,-42.84
7171,147.503,-42.769
7172,147.633,-42.733
7173,147.677,-42.837
7174,147.775,-42.829
7175,147.86,-42.769
7176,147.792,-42.763
7177,147.858,-42.883
7178,147.909,-42.944
7179,147.914,-43.005
7180,147.866,-43.06
7182,147.901,-43.135
7183,147.775,-43.153
7184,147.735,-43.132
7185,147.758,-43.058
7186,147.686,-43.012
7187,147.818,-43.08
7190,147.902,-42.383
7209,147.625,-42.124
7210,147.598,-41.955
7211,147.442,-41.769
7212,147.489,-41.564
7213,147.863,-41.794
7214,147.9,-41.525
7215,148.223,-41.769
7216,148.115,-41.274
7248,147.149,-41.392
7249,147.162,-41.471
7250,147.14,-41.446
7252,147.043,-41.145
7253,146.895,-41.097
7254,147.222,-41.125
7255,148.046,-39.998
7256,143.985,-39.864
7257,148.223,-40.413
7258,147.259,-41.509
7259,147.394,-41.363
7260,147.519,-41.159
7261,147.739,-41.145
7262,147.538,-40.976
7263,147.724,-41.273
7264,148.046,-41.004
7265,147.82,-41.032
7267,147.133,-41.264
7268,147.22,-41.292
7270,146.787,-41.178
7275,146.811,-41.31
7276,146.964,-41.283
7277,146.997,-41.372
7290,147.06,-41.511
7291,147.018,-41.544
7292,146.933,-41.472
7300,147.226,-41.631
7301,146.986,-41.659
7302,147.067,-41.773
7303,146.829,-41.531
7304,146.488,-41.728
7305,146.429,-41.356
7306,146.063,-41.609
7307,146.546,-41.238
7310,146.217,-41.32
7315,146.056,-41.316
7316,145.974,-41.218
7320,145.898,-41.073
7321,145.558,-41.303
7322,145.801,-41.055
7325,145.606,-41.092
7330,144.934,-40.903
7331,145.274,-40.759
7466,145.619,-42.079
7467,145.545,-42.078
7468,145.377,-42.167
7469,145.272,-41.566
7470,145.53,-41.793
