"Time","Power_kW"
2018-08-25 00:00:55,1.25951666666667
2018-08-25 00:01:55,1.07988333333333
2018-08-25 00:02:55,-0.0831333333333334
2018-08-25 00:03:55,-0.214216666666667
2018-08-25 00:04:55,-0.4215
2018-08-25 00:05:55,-0.364583333333334
2018-08-25 00:06:55,-0.700133333333333
2018-08-25 00:07:55,-1.0387
2018-08-25 00:08:55,-1.11056666666667
2018-08-25 00:09:55,-1.25033333333333
2018-08-25 00:10:55,-1.14813333333333
2018-08-25 00:11:55,-1.14158333333333
2018-08-25 00:12:55,-1.286
2018-08-25 00:13:55,-1.2104
2018-08-25 00:14:55,-1.37938333333333
2018-08-25 00:15:55,-1.22323333333333
2018-08-25 00:16:55,-1.13108333333333
2018-08-25 00:17:55,0.683716666666667
2018-08-25 00:18:55,-0.988483333333333
2018-08-25 00:19:55,-0.6901
2018-08-25 00:20:55,-0.604683333333333
2018-08-25 00:21:55,-0.4539
2018-08-25 00:22:55,-0.620783333333333
2018-08-25 00:23:55,-0.770966666666667
2018-08-25 00:24:55,-0.457666666666667
2018-08-25 00:25:55,-0.406783333333333
2018-08-25 00:26:55,-0.26095
2018-08-25 00:27:55,-0.293016666666667
2018-08-25 00:28:55,-0.269616666666667
2018-08-25 00:29:55,-0.469733333333333
2018-08-25 00:30:55,1.70948333333333
2018-08-25 00:31:55,2.23438333333333
2018-08-25 00:32:55,2.24403333333333
2018-08-25 00:33:55,2.4679
2018-08-25 00:34:55,2.3851
2018-08-25 00:35:55,2.49123333333333
2018-08-25 00:36:55,2.50765
2018-08-25 00:37:55,2.4635
2018-08-25 00:38:55,2.28225
2018-08-25 00:39:55,2.19438333333333
2018-08-25 00:40:55,2.17275
2018-08-25 00:41:55,2.16686666666667
2018-08-25 00:42:55,1.574
2018-08-25 00:43:55,1.66301666666667
2018-08-25 00:44:55,1.53698333333333
2018-08-25 00:45:55,1.59798333333333
2018-08-25 00:46:55,1.5526
2018-08-25 00:47:55,1.30803333333333
2018-08-25 00:48:55,1.32415
2018-08-25 00:49:55,1.269
2018-08-25 00:50:55,1.26443333333333
2018-08-25 00:51:55,1.24228333333333
2018-08-25 00:52:55,1.31221666666667
2018-08-25 00:53:55,1.33226666666667
2018-08-25 00:54:55,1.56875
2018-08-25 00:55:55,1.50816666666667
2018-08-25 00:56:55,-0.736616666666667
2018-08-25 00:57:55,-0.557833333333333
2018-08-25 00:58:55,-0.452616666666667
2018-08-25 00:59:55,-0.379683333333333
2018-08-25 01:00:55,-0.2706
2018-08-25 01:01:55,-0.427783333333333
2018-08-25 01:02:55,-0.309866666666667
2018-08-25 01:03:55,-0.0942999999999999
2018-08-25 01:04:55,-0.1195
2018-08-25 01:05:55,-0.116166666666667
2018-08-25 01:06:55,-0.1309
2018-08-25 01:07:55,0.0226833333333334
2018-08-25 01:08:55,0.0657833333333334
2018-08-25 01:09:55,0.17755
2018-08-25 01:10:55,0.403683333333333
2018-08-25 01:11:55,0.337133333333333
2018-08-25 01:12:55,0.224216666666667
2018-08-25 01:13:55,0.363683333333333
2018-08-25 01:14:55,0.328033333333333
2018-08-25 01:15:55,0.204266666666667
2018-08-25 01:16:55,0.181116666666667
2018-08-25 01:17:55,0.12205
2018-08-25 01:18:55,0.0156500000000001
2018-08-25 01:19:55,-0.0017333333333332
2018-08-25 01:20:55,-0.164183333333334
2018-08-25 01:21:55,-0.234266666666667
2018-08-25 01:22:55,-0.318666666666667
2018-08-25 01:23:55,-0.595183333333334
2018-08-25 01:24:55,-0.392466666666667
2018-08-25 01:25:55,-0.331533333333333
2018-08-25 01:26:55,-0.328016666666667
2018-08-25 01:27:55,-0.370066666666667
2018-08-25 01:28:55,-0.14255
2018-08-25 01:29:55,0.0264833333333334
2018-08-25 01:30:55,-0.0854166666666668
2018-08-25 01:31:55,-0.122766666666667
2018-08-25 01:32:55,-0.223
2018-08-25 01:33:55,-0.2951
2018-08-25 01:34:55,-0.0130666666666666
2018-08-25 01:35:55,-0.115466666666667
2018-08-25 01:36:55,0.0141666666666668
2018-08-25 01:37:55,-0.0937999999999999
2018-08-25 01:38:55,-0.0952666666666667
2018-08-25 01:39:55,-0.10975
2018-08-25 01:40:55,-0.0709499999999998
2018-08-25 01:41:55,-0.00011666666666676
2018-08-25 01:42:55,-0.08415
2018-08-25 01:43:55,-0.379033333333333
2018-08-25 01:44:55,-0.361633333333333
2018-08-25 01:45:55,-0.406833333333333
2018-08-25 01:46:55,-0.44095
2018-08-25 01:47:55,-0.364983333333333
2018-08-25 01:48:55,-0.35505
2018-08-25 01:49:55,-0.389533333333333
2018-08-25 01:50:55,-0.0555499999999999
2018-08-25 01:51:55,0.476816666666666
2018-08-25 01:52:55,0.428216666666667
2018-08-25 01:53:55,-0.383333333333333
2018-08-25 01:54:55,-0.4323
2018-08-25 01:55:55,-0.449716666666667
2018-08-25 01:56:55,-0.362416666666667
2018-08-25 01:57:55,-0.349316666666667
2018-08-25 01:58:55,-0.368383333333333
2018-08-25 01:59:55,-0.142966666666667
2018-08-25 02:00:55,0.0330166666666666
2018-08-25 02:01:55,-0.0455833333333334
2018-08-25 02:02:55,-0.1669
2018-08-25 02:03:55,-0.0772999999999999
2018-08-25 02:04:55,-0.0196
2018-08-25 02:05:55,-0.0152333333333332
2018-08-25 02:06:55,0.0992833333333334
2018-08-25 02:07:55,-0.0133000000000001
2018-08-25 02:08:55,0.142766666666667
2018-08-25 02:09:55,0.0409499999999999
2018-08-25 02:10:55,0.3059
2018-08-25 02:11:55,0.1321
2018-08-25 02:12:55,0.0798666666666665
2018-08-25 02:13:55,0.32965
2018-08-25 02:14:55,0.321566666666667
2018-08-25 02:15:55,0.2857
2018-08-25 02:16:55,-1.006
2018-08-25 02:17:55,-1.08635
2018-08-25 02:18:55,-1.07573333333333
2018-08-25 02:19:55,-1.10518333333333
2018-08-25 02:20:55,-1.08968333333333
2018-08-25 02:21:55,-1.09891666666667
2018-08-25 02:22:55,-1.4411
2018-08-25 02:23:55,-1.44336666666667
2018-08-25 02:24:55,-1.31096666666667
2018-08-25 02:25:55,-1.42615
2018-08-25 02:26:55,-1.48741666666667
2018-08-25 02:27:55,-1.58156666666667
2018-08-25 02:28:55,-1.59221666666667
2018-08-25 02:29:55,-1.56611666666667
2018-08-25 02:30:55,-1.54073333333333
2018-08-25 02:31:55,-1.6188
2018-08-25 02:32:55,-1.66471666666667
2018-08-25 02:33:55,-1.38225
2018-08-25 02:34:55,-1.45538333333333
2018-08-25 02:35:55,-1.46656666666667
2018-08-25 02:36:55,-1.60261666666667
2018-08-25 02:37:55,-1.58038333333333
2018-08-25 02:38:55,-1.62293333333333
2018-08-25 02:39:55,-1.5917
2018-08-25 02:40:55,-1.61666666666667
2018-08-25 02:41:55,-1.49785
2018-08-25 02:42:55,-1.45665
2018-08-25 02:43:55,-1.51251666666667
2018-08-25 02:44:55,-1.59085
2018-08-25 02:45:55,-1.5196
2018-08-25 02:46:55,-1.42728333333333
2018-08-25 02:47:55,-1.48621666666667
2018-08-25 02:48:55,-1.5967
2018-08-25 02:49:55,-1.61455
2018-08-25 02:50:55,-1.71158333333333
2018-08-25 02:51:55,-1.71016666666667
2018-08-25 02:52:55,-1.69273333333333
2018-08-25 02:53:55,-1.60216666666667
2018-08-25 02:54:55,-1.52266666666667
2018-08-25 02:55:55,-1.50508333333333
2018-08-25 02:56:55,-1.58718333333333
2018-08-25 02:57:55,-1.55475
2018-08-25 02:58:55,-1.48231666666667
2018-08-25 02:59:55,-1.38081666666667
2018-08-25 03:00:55,-1.37865
2018-08-25 03:01:55,-1.30258333333333
2018-08-25 03:02:55,-1.49801666666667
2018-08-25 03:03:55,-1.55985
2018-08-25 03:04:55,-1.33735
2018-08-25 03:05:55,0.749133333333333
2018-08-25 03:06:55,1.72565
2018-08-25 03:07:55,1.61121666666667
2018-08-25 03:08:55,1.74693333333333
2018-08-25 03:09:55,1.76493333333333
2018-08-25 03:10:55,1.72166666666667
2018-08-25 03:11:55,1.6324
2018-08-25 03:12:55,1.62908333333333
2018-08-25 03:13:55,1.83471666666667
2018-08-25 03:14:55,1.72995
2018-08-25 03:15:55,1.71178333333333
2018-08-25 03:16:55,1.74285
2018-08-25 03:17:55,1.9025
2018-08-25 03:18:55,1.83396666666667
2018-08-25 03:19:55,1.84138333333333
2018-08-25 03:20:55,1.75163333333333
2018-08-25 03:21:55,1.79521666666667
2018-08-25 03:22:55,-1.14371666666667
2018-08-25 03:23:55,-1.85838333333333
2018-08-25 03:24:55,-2.08281666666667
2018-08-25 03:25:55,-1.9102
2018-08-25 03:26:55,-2.01671666666667
2018-08-25 03:27:55,-2.01751666666667
2018-08-25 03:28:55,-1.99835
2018-08-25 03:29:55,-1.98118333333333
2018-08-25 03:30:55,-1.97378333333333
2018-08-25 03:31:55,-1.82705
2018-08-25 03:32:55,-1.91811666666667
2018-08-25 03:33:55,-1.89846666666667
2018-08-25 03:34:55,-1.99136666666667
2018-08-25 03:35:55,-1.78018333333333
2018-08-25 03:36:55,-1.90101666666667
2018-08-25 03:37:55,-1.99008333333333
2018-08-25 03:38:55,-2.007
2018-08-25 03:39:55,-2.03813333333333
2018-08-25 03:40:55,-2.07926666666667
2018-08-25 03:41:55,-2.00193333333333
2018-08-25 03:42:55,-2.02901666666667
2018-08-25 03:43:55,-2.0179
2018-08-25 03:44:55,-2.26411666666667
2018-08-25 03:45:55,-2.27181666666667
2018-08-25 03:46:55,-2.2693
2018-08-25 03:47:55,-2.41926666666667
2018-08-25 03:48:55,-2.42283333333333
2018-08-25 03:49:55,-2.47283333333333
2018-08-25 03:50:55,-2.33768333333333
2018-08-25 03:51:55,-2.32848333333333
2018-08-25 03:52:55,-2.34416666666667
2018-08-25 03:53:55,-1.77558333333333
2018-08-25 03:54:55,-1.36635
2018-08-25 03:55:55,-1.31548333333333
2018-08-25 03:56:55,-1.72265
2018-08-25 03:57:55,-1.97303333333333
2018-08-25 03:58:55,-1.35828333333333
2018-08-25 03:59:55,-2.01121666666667
2018-08-25 04:00:55,-2.01273333333333
2018-08-25 04:01:55,-2.07553333333333
2018-08-25 04:02:55,-1.9579
2018-08-25 04:03:55,-2.04661666666667
2018-08-25 04:04:55,-2.05866666666667
2018-08-25 04:05:55,-2.1228
2018-08-25 04:06:55,-2.02323333333333
2018-08-25 04:07:55,-1.95371666666667
2018-08-25 04:08:55,-2.00648333333333
2018-08-25 04:09:55,-1.98391666666667
2018-08-25 04:10:55,-1.962
2018-08-25 04:11:55,-1.92483333333333
2018-08-25 04:12:55,-1.90171666666667
2018-08-25 04:13:55,-1.75793333333333
2018-08-25 04:14:55,-1.81918333333333
2018-08-25 04:15:55,-1.93
2018-08-25 04:16:55,-1.92083333333333
2018-08-25 04:17:55,-1.8983
2018-08-25 04:18:55,-2.01241666666667
2018-08-25 04:19:55,-2.10225
2018-08-25 04:20:55,-2.03893333333333
2018-08-25 04:21:55,-2.04735
2018-08-25 04:22:55,-2.17008333333333
2018-08-25 04:23:55,-2.20413333333333
2018-08-25 04:24:55,-2.29046666666667
2018-08-25 04:25:55,-2.32865
2018-08-25 04:26:55,-2.15525
2018-08-25 04:27:55,-2.31498333333333
2018-08-25 04:28:55,-2.33835
2018-08-25 04:29:55,-2.30843333333333
2018-08-25 04:30:55,-2.32141666666667
2018-08-25 04:31:55,-2.4096
2018-08-25 04:32:55,-2.46458333333333
2018-08-25 04:33:55,-2.40708333333333
2018-08-25 04:34:55,-2.21643333333333
2018-08-25 04:35:55,-2.1473
2018-08-25 04:36:55,-2.01958333333333
2018-08-25 04:37:55,-2.10098333333333
2018-08-25 04:38:55,-1.99245
2018-08-25 04:39:55,-1.94556666666667
2018-08-25 04:40:55,-1.92405
2018-08-25 04:41:55,-2.24265
2018-08-25 04:42:55,-2.0539
2018-08-25 04:43:55,-1.75018333333333
2018-08-25 04:44:55,-1.66131666666667
2018-08-25 04:45:55,-1.7871
2018-08-25 04:46:55,-1.79983333333333
2018-08-25 04:47:55,-1.8291
2018-08-25 04:48:55,-1.81286666666667
2018-08-25 04:49:55,-1.77798333333333
2018-08-25 04:50:55,-1.81628333333333
2018-08-25 04:51:55,-2.11591666666667
2018-08-25 04:52:55,-2.17561666666667
2018-08-25 04:53:55,-2.09823333333333
2018-08-25 04:54:55,-1.99748333333333
2018-08-25 04:55:55,-2.00388333333333
2018-08-25 04:56:55,-2.0939
2018-08-25 04:57:55,-2.33616666666667
2018-08-25 04:58:55,-2.26313333333333
2018-08-25 04:59:55,-2.23363333333333
2018-08-25 05:00:55,-2.23968333333333
2018-08-25 05:01:55,-2.24923333333333
2018-08-25 05:02:55,-2.28315
2018-08-25 05:03:55,-2.26128333333333
2018-08-25 05:04:55,-2.23445
2018-08-25 05:05:55,-2.16878333333333
2018-08-25 05:06:55,-1.90126666666667
2018-08-25 05:07:55,-1.99851666666667
2018-08-25 05:08:55,-2.0367
2018-08-25 05:09:55,-2.01416666666667
2018-08-25 05:10:55,-1.98371666666667
2018-08-25 05:11:55,-1.91586666666667
2018-08-25 05:12:55,-1.80771666666667
2018-08-25 05:13:55,-1.77076666666667
2018-08-25 05:14:55,-1.76861666666667
2018-08-25 05:15:55,-1.81713333333333
2018-08-25 05:16:55,-1.84883333333333
2018-08-25 05:17:55,-1.87356666666667
2018-08-25 05:18:55,-1.87758333333333
2018-08-25 05:19:55,-1.86991666666667
2018-08-25 05:20:55,-1.7746
2018-08-25 05:21:55,-1.79531666666667
2018-08-25 05:22:55,-1.8075
2018-08-25 05:23:55,-1.7854
2018-08-25 05:24:55,-1.81196666666667
2018-08-25 05:25:55,-1.91968333333333
2018-08-25 05:26:55,-1.94063333333333
2018-08-25 05:27:55,-1.87586666666667
2018-08-25 05:28:55,-1.82398333333333
2018-08-25 05:29:55,-1.9733
2018-08-25 05:30:55,-2.1244
2018-08-25 05:31:55,-2.1686
2018-08-25 05:32:55,-2.20006666666667
2018-08-25 05:33:55,-2.19248333333333
2018-08-25 05:34:55,-2.1481
2018-08-25 05:35:55,-2.16693333333333
2018-08-25 05:36:55,-2.17903333333333
2018-08-25 05:37:55,-2.17846666666667
2018-08-25 05:38:55,-2.26023333333333
2018-08-25 05:39:55,-2.2291
2018-08-25 05:40:55,-2.24081666666667
2018-08-25 05:41:55,-2.20685
2018-08-25 05:42:55,-2.18535
2018-08-25 05:43:55,-2.12685
2018-08-25 05:44:55,-2.10923333333333
2018-08-25 05:45:55,-2.12235
2018-08-25 05:46:55,-1.99616666666667
2018-08-25 05:47:55,-1.96286666666667
2018-08-25 05:48:55,-1.9457
2018-08-25 05:49:55,-1.77661666666667
2018-08-25 05:50:55,-1.76238333333333
2018-08-25 05:51:55,-1.65871666666667
2018-08-25 05:52:55,-1.57753333333333
2018-08-25 05:53:55,-1.56258333333333
2018-08-25 05:54:55,-1.58211666666667
2018-08-25 05:55:55,-1.5883
2018-08-25 05:56:55,-1.70026666666667
2018-08-25 05:57:55,-1.74188333333333
2018-08-25 05:58:55,-1.69916666666667
2018-08-25 05:59:55,-1.69116666666667
2018-08-25 06:00:55,-1.67488333333333
2018-08-25 06:01:55,-1.67971666666667
2018-08-25 06:02:55,-2.15461666666667
2018-08-25 06:03:55,-2.00828333333333
2018-08-25 06:04:55,-2.06278333333333
2018-08-25 06:05:55,-2.04193333333333
2018-08-25 06:06:55,-2.04761666666667
2018-08-25 06:07:55,-2.039
2018-08-25 06:08:55,-2.11506666666667
2018-08-25 06:09:55,-2.25021666666667
2018-08-25 06:10:55,-2.23206666666667
2018-08-25 06:11:55,-2.13535
2018-08-25 06:12:55,-2.088
2018-08-25 06:13:55,-2.12198333333333
2018-08-25 06:14:55,-2.06056666666667
2018-08-25 06:15:55,-1.8605
2018-08-25 06:16:55,-1.54613333333333
2018-08-25 06:17:55,-1.5259
2018-08-25 06:18:55,-1.44548333333333
2018-08-25 06:19:55,-1.43506666666667
2018-08-25 06:20:55,-1.55203333333333
2018-08-25 06:21:55,-1.28511666666667
2018-08-25 06:22:55,-1.43971666666667
2018-08-25 06:23:55,-1.43935
2018-08-25 06:24:55,-1.39661666666667
2018-08-25 06:25:55,-1.39523333333333
2018-08-25 06:26:55,-1.39688333333333
2018-08-25 06:27:55,-1.3701
2018-08-25 06:28:55,-1.32373333333333
2018-08-25 06:29:55,-1.27025
2018-08-25 06:30:55,-1.35761666666667
2018-08-25 06:31:55,-1.32048333333333
2018-08-25 06:32:55,-1.36773333333333
2018-08-25 06:33:55,-1.4664
2018-08-25 06:34:55,-1.55073333333333
2018-08-25 06:35:55,-1.43806666666667
2018-08-25 06:36:55,-1.3512
2018-08-25 06:37:55,-1.3749
2018-08-25 06:38:55,-0.656716666666667
2018-08-25 06:39:55,0.04485
2018-08-25 06:40:55,0.202583333333333
2018-08-25 06:41:55,0.478566666666667
2018-08-25 06:42:55,0.912383333333333
2018-08-25 06:43:55,0.83905
2018-08-25 06:44:55,0.813416666666667
2018-08-25 06:45:55,0.76565
2018-08-25 06:46:55,0.703583333333333
2018-08-25 06:47:55,0.786216666666667
2018-08-25 06:48:55,0.815683333333333
2018-08-25 06:49:55,0.961983333333334
2018-08-25 06:50:55,1.49018333333333
2018-08-25 06:51:55,1.68436666666667
2018-08-25 06:52:55,2.69441666666667
2018-08-25 06:53:55,2.94655
2018-08-25 06:54:55,2.98001666666667
2018-08-25 06:55:55,3.4464
2018-08-25 06:56:55,3.5629
2018-08-25 06:57:55,3.84858333333333
2018-08-25 06:58:55,3.65905
2018-08-25 06:59:55,4.14915
2018-08-25 07:00:55,4.08016666666667
2018-08-25 07:01:55,3.93936666666667
2018-08-25 07:02:55,3.91881666666667
2018-08-25 07:03:55,4.21323333333333
2018-08-25 07:04:55,2.94295
2018-08-25 07:05:55,0.3531
2018-08-25 07:06:55,0.571383333333333
2018-08-25 07:07:55,0.592383333333333
2018-08-25 07:08:55,0.613233333333333
2018-08-25 07:09:55,1.25855
2018-08-25 07:10:55,2.06365
2018-08-25 07:11:55,2.76051666666667
2018-08-25 07:12:55,2.82668333333333
2018-08-25 07:13:55,3.10866666666667
2018-08-25 07:14:55,5.31516666666667
2018-08-25 07:15:55,7.20566666666667
2018-08-25 07:16:55,9.50978333333333
2018-08-25 07:17:55,11.4016666666667
2018-08-25 07:18:55,15.2666166666667
2018-08-25 07:19:55,18.3946166666667
2018-08-25 07:20:55,23.26525
2018-08-25 07:21:55,28.3924166666667
2018-08-25 07:22:55,32.3341833333333
2018-08-25 07:23:55,38.83075
2018-08-25 07:24:55,46.1759166666667
2018-08-25 07:25:55,54.43425
2018-08-25 07:26:55,63.48035
2018-08-25 07:27:55,73.06285
2018-08-25 07:28:55,83.3176333333333
2018-08-25 07:29:55,93.9125166666667
2018-08-25 07:30:55,104.6624
2018-08-25 07:31:55,115.941516666667
2018-08-25 07:32:55,127.10345
2018-08-25 07:33:55,141.636466666667
2018-08-25 07:34:55,154.237783333333
2018-08-25 07:35:55,167.718416666667
2018-08-25 07:36:55,181.683616666667
2018-08-25 07:37:55,195.748966666667
2018-08-25 07:38:55,211.094066666667
2018-08-25 07:39:55,225.8299
2018-08-25 07:40:55,241.785016666667
2018-08-25 07:41:55,255.91285
2018-08-25 07:42:55,274.84905
2018-08-25 07:43:55,287.120166666667
2018-08-25 07:44:55,308.86755
2018-08-25 07:45:55,327.354966666667
2018-08-25 07:46:55,346.876166666667
2018-08-25 07:47:55,367.983916666667
2018-08-25 07:48:55,385.3219
2018-08-25 07:49:55,408.774733333333
2018-08-25 07:50:55,424.43895
2018-08-25 07:51:55,448.526733333333
2018-08-25 07:52:55,473.126383333333
2018-08-25 07:53:55,495.281516666667
2018-08-25 07:54:55,515.465516666667
2018-08-25 07:55:55,537.5264
2018-08-25 07:56:55,561.519866666667
2018-08-25 07:57:55,585.029816666667
2018-08-25 07:58:55,615.464633333333
2018-08-25 07:59:55,642.973183333333
2018-08-25 08:00:55,669.346016666667
2018-08-25 08:01:55,698.485566666667
2018-08-25 08:02:55,728.08525
2018-08-25 08:03:55,751.9864
2018-08-25 08:04:55,781.495216666667
2018-08-25 08:05:55,810.38455
2018-08-25 08:06:55,833.691233333333
2018-08-25 08:07:55,865.530016666667
2018-08-25 08:08:55,893.99885
2018-08-25 08:09:55,921.270633333333
2018-08-25 08:10:55,948.779483333333
2018-08-25 08:11:55,979.172416666667
2018-08-25 08:12:55,1009.23113333333
2018-08-25 08:13:55,1040.92845
2018-08-25 08:14:55,1062.64518333333
2018-08-25 08:15:55,1096.95406666667
2018-08-25 08:16:55,1127.01531666667
2018-08-25 08:17:55,1150.91866666667
2018-08-25 08:18:55,1175.62975
2018-08-25 08:19:55,1204.51925
2018-08-25 08:20:55,1240.21836666667
2018-08-25 08:21:55,1263.82383333333
2018-08-25 08:22:55,1296.12883333333
2018-08-25 08:23:55,1313.40511666667
2018-08-25 08:24:55,1352.64335
2018-08-25 08:25:55,1407.92978333333
2018-08-25 08:26:55,1435.7534
2018-08-25 08:27:55,1460.38711666667
2018-08-25 08:28:55,1492.14375
2018-08-25 08:29:55,1529.07206666667
2018-08-25 08:30:55,1560.22506666667
2018-08-25 08:31:55,1584.8601
2018-08-25 08:32:55,1622.86078333333
2018-08-25 08:33:55,1652.66546666667
2018-08-25 08:34:55,1685.28016666667
2018-08-25 08:35:55,1719.08565
2018-08-25 08:36:55,1751.24396666667
2018-08-25 08:37:55,1790.6444
2018-08-25 08:38:55,1806.91515
2018-08-25 08:39:55,1829.21358333333
2018-08-25 08:40:55,1874.39146666667
2018-08-25 08:41:55,1909.19423333333
2018-08-25 08:42:55,1939.28296666667
2018-08-25 08:43:55,1976.14151666667
2018-08-25 08:44:55,2008.77498333333
2018-08-25 08:45:55,2032.50936666667
2018-08-25 08:46:55,2046.12391666667
2018-08-25 08:47:55,2096.36871666667
2018-08-25 08:48:55,2135.9957
2018-08-25 08:49:55,2172.22951666667
2018-08-25 08:50:55,2206.51191666667
2018-08-25 08:51:55,2236.4519
2018-08-25 08:52:55,2275.65971666667
2018-08-25 08:53:55,2313.95115
2018-08-25 08:54:55,2350.88186666667
2018-08-25 08:55:55,2373.75876666667
2018-08-25 08:56:55,2408.27681666667
2018-08-25 08:57:55,2449.21505
2018-08-25 08:58:55,2477.34496666667
2018-08-25 08:59:55,2513.44943333333
2018-08-25 09:00:55,2541.04115
2018-08-25 09:01:55,2579.68233333333
2018-08-25 09:02:55,2613.45723333333
2018-08-25 09:03:55,2640.79223333333
2018-08-25 09:04:55,2675.13418333333
2018-08-25 09:05:55,2696.87698333333
2018-08-25 09:06:55,2733.3765
2018-08-25 09:07:55,2763.46345
2018-08-25 09:08:55,2801.7636
2018-08-25 09:09:55,2834.3461
2018-08-25 09:10:55,2861.44306666667
2018-08-25 09:11:55,2909.3357
2018-08-25 09:12:55,2928.87491666667
2018-08-25 09:13:55,2966.6012
2018-08-25 09:14:55,3013.1154
2018-08-25 09:15:55,3033.5647
2018-08-25 09:16:55,3080.47848333333
2018-08-25 09:17:55,3120.43065
2018-08-25 09:18:55,3137.44863333333
2018-08-25 09:19:55,3184.10558333333
2018-08-25 09:20:55,3203.2743
2018-08-25 09:21:55,3253.49891666667
2018-08-25 09:22:55,3285.42081666667
2018-08-25 09:23:55,3327.58193333333
2018-08-25 09:24:55,3364.36291666667
2018-08-25 09:25:55,3385.18591666667
2018-08-25 09:26:55,3404.20945
2018-08-25 09:27:55,3433.34945
2018-08-25 09:28:55,3455.18988333333
2018-08-25 09:29:55,3487.44436666667
2018-08-25 09:30:55,3540.10603333333
2018-08-25 09:31:55,3548.29226666667
2018-08-25 09:32:55,3582.73411666667
2018-08-25 09:33:55,3629.79385
2018-08-25 09:34:55,3645.33178333333
2018-08-25 09:35:55,3684.02888333333
2018-08-25 09:36:55,3691.98076666667
2018-08-25 09:37:55,3719.41346666667
2018-08-25 09:38:55,3731.69686666667
2018-08-25 09:39:55,3758.19683333333
2018-08-25 09:40:55,3805.18076666667
2018-08-25 09:41:55,3859.13971666667
2018-08-25 09:42:55,3886.00253333333
2018-08-25 09:43:55,3914.21616666667
2018-08-25 09:44:55,3930.56695
2018-08-25 09:45:55,3961.30126666667
2018-08-25 09:46:55,3983.51191666667
2018-08-25 09:47:55,4039.64311666667
2018-08-25 09:48:55,4059.95658333333
2018-08-25 09:49:55,4101.85751666667
2018-08-25 09:50:55,4129.03575
2018-08-25 09:51:55,4155.28888333333
2018-08-25 09:52:55,4182.70148333333
2018-08-25 09:53:55,4172.8337
2018-08-25 09:54:55,4206.27383333333
2018-08-25 09:55:55,4242.15743333333
2018-08-25 09:56:55,4272.93766666667
2018-08-25 09:57:55,4305.62735
2018-08-25 09:58:55,4352.86746666667
2018-08-25 09:59:55,4355.9285
2018-08-25 10:00:55,4403.39798333333
2018-08-25 10:01:55,4418.63715
2018-08-25 10:02:55,4456.19335
2018-08-25 10:03:55,4486.49026666667
2018-08-25 10:04:55,4511.72223333333
2018-08-25 10:05:55,4526.8148
2018-08-25 10:06:55,4549.57908333333
2018-08-25 10:07:55,4568.23691666667
2018-08-25 10:08:55,4585.09861666667
2018-08-25 10:09:55,4638.94078333333
2018-08-25 10:10:55,4642.52438333333
2018-08-25 10:11:55,4685.26058333333
2018-08-25 10:12:55,4691.5135
2018-08-25 10:13:55,4741.60091666667
2018-08-25 10:14:55,4753.5365
2018-08-25 10:15:55,4814.00665
2018-08-25 10:16:55,4810.2657
2018-08-25 10:17:55,4829.92671666667
2018-08-25 10:18:55,4862.03288333333
2018-08-25 10:19:55,4891.85301666667
2018-08-25 10:20:55,4852.5545
2018-08-25 10:21:55,4910.88315
2018-08-25 10:22:55,4927.74553333333
2018-08-25 10:23:55,4950.56371666667
2018-08-25 10:24:55,4975.2937
2018-08-25 10:25:55,4975.7023
2018-08-25 10:26:55,5006.33435
2018-08-25 10:27:55,5041.40668333333
2018-08-25 10:28:55,5069.52166666667
2018-08-25 10:29:55,5093.82088333333
2018-08-25 10:30:55,5122.1544
2018-08-25 10:31:55,5160.82055
2018-08-25 10:32:55,5192.07793333333
2018-08-25 10:33:55,5194.31263333333
2018-08-25 10:34:55,5221.53586666667
2018-08-25 10:35:55,5258.65471666667
2018-08-25 10:36:55,5276.92551666667
2018-08-25 10:37:55,5297.27628333333
2018-08-25 10:38:55,5307.97573333333
2018-08-25 10:39:55,5321.26645
2018-08-25 10:40:55,5353.2107
2018-08-25 10:41:55,5374.8014
2018-08-25 10:42:55,5412.69975
2018-08-25 10:43:55,5421.78488333333
2018-08-25 10:44:55,5445.21761666667
2018-08-25 10:45:55,5502.8483
2018-08-25 10:46:55,5512.43643333333
2018-08-25 10:47:55,5512.13981666667
2018-08-25 10:48:55,5517.56401666667
2018-08-25 10:49:55,5574.9748
2018-08-25 10:50:55,5604.51821666667
2018-08-25 10:51:55,5603.59391666667
2018-08-25 10:52:55,5630.94463333333
2018-08-25 10:53:55,5655.63536666667
2018-08-25 10:54:55,5653.74141666667
2018-08-25 10:55:55,5684.40493333333
2018-08-25 10:56:55,5697.97273333333
2018-08-25 10:57:55,5683.6174
2018-08-25 10:58:55,5683.00385
2018-08-25 10:59:55,5694.62581666667
2018-08-25 11:00:55,5681.58036666667
2018-08-25 11:01:55,5728.25523333333
2018-08-25 11:02:55,5753.0452
2018-08-25 11:03:55,5762.91315
2018-08-25 11:04:55,5815.90095
2018-08-25 11:05:55,5800.12085
2018-08-25 11:06:55,5781.47195
2018-08-25 11:07:55,5848.20541666667
2018-08-25 11:08:55,5792.12405
2018-08-25 11:09:55,5841.54346666667
2018-08-25 11:10:55,5880.0641
2018-08-25 11:11:55,5884.59978333333
2018-08-25 11:12:55,5950.25665
2018-08-25 11:13:55,5910.23361666667
2018-08-25 11:14:55,5915.2109
2018-08-25 11:15:55,5985.7115
2018-08-25 11:16:55,5984.7803
2018-08-25 11:17:55,5960.0161
2018-08-25 11:18:55,5998.34996666667
2018-08-25 11:19:55,6033.89641666667
2018-08-25 11:20:55,5983.19421666667
2018-08-25 11:21:55,6068.47051666667
2018-08-25 11:22:55,6076.75223333333
2018-08-25 11:23:55,6039.17588333333
2018-08-25 11:24:55,6086.58638333333
2018-08-25 11:25:55,6078.36783333333
2018-08-25 11:26:55,6051.94426666667
2018-08-25 11:27:55,6103.076
2018-08-25 11:28:55,6084.76015
2018-08-25 11:29:55,6080.88116666667
2018-08-25 11:30:55,6080.21805
2018-08-25 11:31:55,6134.88081666667
2018-08-25 11:32:55,6125.14765
2018-08-25 11:33:55,6117.76405
2018-08-25 11:34:55,6163.21678333333
2018-08-25 11:35:55,6204.69953333333
2018-08-25 11:36:55,6181.55183333333
2018-08-25 11:37:55,6194.37076666667
2018-08-25 11:38:55,6286.62695
2018-08-25 11:39:55,6283.35433333333
2018-08-25 11:40:55,6305.89043333333
2018-08-25 11:41:55,6334.33723333333
2018-08-25 11:42:55,6329.03098333333
2018-08-25 11:43:55,6332.00678333333
2018-08-25 11:44:55,6351.02985
2018-08-25 11:45:55,6358.6984
2018-08-25 11:46:55,6374.5575
2018-08-25 11:47:55,6391.1166
2018-08-25 11:48:55,6412.47028333333
2018-08-25 11:49:55,6418.56083333333
2018-08-25 11:50:55,6411.22136666667
2018-08-25 11:51:55,6436.84606666667
2018-08-25 11:52:55,6441.7195
2018-08-25 11:53:55,6445.45283333333
2018-08-25 11:54:55,6451.19016666667
2018-08-25 11:55:55,6459.88798333333
2018-08-25 11:56:55,6434.24286666667
2018-08-25 11:57:55,6446.0246
2018-08-25 11:58:55,6439.31848333333
2018-08-25 11:59:55,6448.81793333333
2018-08-25 12:00:55,6455.49663333333
2018-08-25 12:01:55,6384.9398
2018-08-25 12:02:55,6449.62778333333
2018-08-25 12:03:55,6445.48406666667
2018-08-25 12:04:55,6439.07306666667
2018-08-25 12:05:55,6422.61158333333
2018-08-25 12:06:55,6414.42491666667
2018-08-25 12:07:55,6413.59676666667
2018-08-25 12:08:55,6423.85661666667
2018-08-25 12:09:55,6453.2593
2018-08-25 12:10:55,6410.06723333333
2018-08-25 12:11:55,6401.46213333333
2018-08-25 12:12:55,6422.65111666667
2018-08-25 12:13:55,6415.56173333333
2018-08-25 12:14:55,6376.87765
2018-08-25 12:15:55,6455.89755
2018-08-25 12:16:55,6469.59873333333
2018-08-25 12:17:55,6490.4349
2018-08-25 12:18:55,6498.85305
2018-08-25 12:19:55,6516.60546666667
2018-08-25 12:20:55,6515.0669
2018-08-25 12:21:55,6479.68418333333
2018-08-25 12:22:55,6486.1845
2018-08-25 12:23:55,6465.96691666667
2018-08-25 12:24:55,6468.22601666667
2018-08-25 12:25:55,6537.76386666667
2018-08-25 12:26:55,6519.14078333333
2018-08-25 12:27:55,6563.9949
2018-08-25 12:28:55,6581.18215
2018-08-25 12:29:55,6558.79686666667
2018-08-25 12:30:55,6593.57578333333
2018-08-25 12:31:55,6585.25198333333
2018-08-25 12:32:55,6464.76158333333
2018-08-25 12:33:55,6529.28546666667
2018-08-25 12:34:55,6459.64375
2018-08-25 12:35:55,6423.34871666667
2018-08-25 12:36:55,6487.82941666667
2018-08-25 12:37:55,6459.17165
2018-08-25 12:38:55,6426.60431666667
2018-08-25 12:39:55,6430.7088
2018-08-25 12:40:55,6457.89355
2018-08-25 12:41:55,6445.479
2018-08-25 12:42:55,6521.14006666667
2018-08-25 12:43:55,6570.91231666667
2018-08-25 12:44:55,6568.66398333333
2018-08-25 12:45:55,6622.31485
2018-08-25 12:46:55,6621.40848333333
2018-08-25 12:47:55,6622.16245
2018-08-25 12:48:55,6611.72063333333
2018-08-25 12:49:55,6645.61503333333
2018-08-25 12:50:55,6626.82383333333
2018-08-25 12:51:55,6612.70326666667
2018-08-25 12:52:55,6630.90533333333
2018-08-25 12:53:55,6606.10875
2018-08-25 12:54:55,6615.94558333333
2018-08-25 12:55:55,6619.07333333333
2018-08-25 12:56:55,6593.80628333333
2018-08-25 12:57:55,6586.78456666667
2018-08-25 12:58:55,6591.89045
2018-08-25 12:59:55,6506.14055
2018-08-25 13:00:55,6564.09258333333
2018-08-25 13:01:55,6574.50988333333
2018-08-25 13:02:55,6566.4659
2018-08-25 13:03:55,6579.83798333333
2018-08-25 13:04:55,6535.25098333333
2018-08-25 13:05:55,6559.71936666667
2018-08-25 13:06:55,6556.54885
2018-08-25 13:07:55,6575.37043333333
2018-08-25 13:08:55,6535.74785
2018-08-25 13:09:55,6526.22076666667
2018-08-25 13:10:55,6510.53308333333
2018-08-25 13:11:55,6373.64646666667
2018-08-25 13:12:55,5509.85688333333
2018-08-25 13:13:55,5595.82238333333
2018-08-25 13:14:55,5718.39701666667
2018-08-25 13:15:55,5828.60585
2018-08-25 13:16:55,5942.11986666667
2018-08-25 13:17:55,5938.9003
2018-08-25 13:18:55,5906.3419
2018-08-25 13:19:55,5758.48413333333
2018-08-25 13:20:55,5721.07416666667
2018-08-25 13:21:55,5733.588
2018-08-25 13:22:55,5766.56585
2018-08-25 13:23:55,5857.74618333333
2018-08-25 13:24:55,5937.81386666667
2018-08-25 13:25:55,6215.26611666667
2018-08-25 13:26:55,6403.19428333333
2018-08-25 13:27:55,6471.79296666667
2018-08-25 13:28:55,6536.53003333333
2018-08-25 13:29:55,6565.22576666667
2018-08-25 13:30:55,6597.85235
2018-08-25 13:31:55,6588.64706666667
2018-08-25 13:32:55,6573.9134
2018-08-25 13:33:55,6545.11328333333
2018-08-25 13:34:55,6567.20051666667
2018-08-25 13:35:55,6558.4917
2018-08-25 13:36:55,6555.89901666667
2018-08-25 13:37:55,6561.22675
2018-08-25 13:38:55,6554.93241666667
2018-08-25 13:39:55,6554.80075
2018-08-25 13:40:55,6552.05231666667
2018-08-25 13:41:55,6565.88936666667
2018-08-25 13:42:55,6566.64291666667
2018-08-25 13:43:55,6517.0253
2018-08-25 13:44:55,6493.69045
2018-08-25 13:45:55,6498.79583333333
2018-08-25 13:46:55,6485.0283
2018-08-25 13:47:55,6470.79148333333
2018-08-25 13:48:55,6459.44303333333
2018-08-25 13:49:55,6440.66593333333
2018-08-25 13:50:55,6417.42488333333
2018-08-25 13:51:55,6423.59401666667
2018-08-25 13:52:55,6431.53721666667
2018-08-25 13:53:55,6444.56001666667
2018-08-25 13:54:55,6443.29525
2018-08-25 13:55:55,6443.89803333333
2018-08-25 13:56:55,6418.49528333333
2018-08-25 13:57:55,6434.57186666667
2018-08-25 13:58:55,6408.16356666667
2018-08-25 13:59:55,6375.11826666667
2018-08-25 14:00:55,6339.04585
2018-08-25 14:01:55,6264.19296666667
2018-08-25 14:02:55,6252.11523333333
2018-08-25 14:03:55,6255.8465
2018-08-25 14:04:55,6264.64521666667
2018-08-25 14:05:55,6263.21508333333
2018-08-25 14:06:55,6242.99816666667
2018-08-25 14:07:55,6245.66573333333
2018-08-25 14:08:55,6244.32635
2018-08-25 14:09:55,6212.32553333333
2018-08-25 14:10:55,6272.49731666667
2018-08-25 14:11:55,6189.43498333333
2018-08-25 14:12:55,6189.19333333333
2018-08-25 14:13:55,6162.65615
2018-08-25 14:14:55,6236.09518333333
2018-08-25 14:15:55,6221.65123333333
2018-08-25 14:16:55,6118.28326666667
2018-08-25 14:17:55,6122.2216
2018-08-25 14:18:55,6115.19568333333
2018-08-25 14:19:55,6110.49673333333
2018-08-25 14:20:55,6096.62483333333
2018-08-25 14:21:55,6102.365
2018-08-25 14:22:55,6063.50795
2018-08-25 14:23:55,6071.96108333333
2018-08-25 14:24:55,6041.9801
2018-08-25 14:25:55,6053.1089
2018-08-25 14:26:55,6028.93018333333
2018-08-25 14:27:55,6002.3695
2018-08-25 14:28:55,6001.78605
2018-08-25 14:29:55,6002.29221666667
2018-08-25 14:30:55,5985.24553333333
2018-08-25 14:31:55,5980.30485
2018-08-25 14:32:55,5976.57656666667
2018-08-25 14:33:55,5946.80376666667
2018-08-25 14:34:55,6004.13721666667
2018-08-25 14:35:55,5929.355
2018-08-25 14:36:55,5898.3965
2018-08-25 14:37:55,5884.63993333333
2018-08-25 14:38:55,5864.79643333333
2018-08-25 14:39:55,5846.88453333333
2018-08-25 14:40:55,5825.47835
2018-08-25 14:41:55,5811.56501666667
2018-08-25 14:42:55,5801.53528333333
2018-08-25 14:43:55,5786.18655
2018-08-25 14:44:55,5832.75906666667
2018-08-25 14:45:55,5769.37848333333
2018-08-25 14:46:55,5743.42063333333
2018-08-25 14:47:55,5799.54081666667
2018-08-25 14:48:55,5804.42918333333
2018-08-25 14:49:55,5787.13933333333
2018-08-25 14:50:55,5670.80655
2018-08-25 14:51:55,5636.28251666667
2018-08-25 14:52:55,5600.9264
2018-08-25 14:53:55,5585.31291666667
2018-08-25 14:54:55,5568.76936666667
2018-08-25 14:55:55,5606.73606666667
2018-08-25 14:56:55,5558.57868333333
2018-08-25 14:57:55,5476.1151
2018-08-25 14:58:55,5519.18366666667
2018-08-25 14:59:55,5497.90906666667
2018-08-25 15:00:55,5493.9088
2018-08-25 15:01:55,5478.3759
2018-08-25 15:02:55,5458.52343333333
2018-08-25 15:03:55,5428.59033333333
2018-08-25 15:04:55,5406.4453
2018-08-25 15:05:55,5374.20586666667
2018-08-25 15:06:55,5381.58908333333
2018-08-25 15:07:55,5327.37601666667
2018-08-25 15:08:55,5303.61565
2018-08-25 15:09:55,5294.27045
2018-08-25 15:10:55,5272.28823333333
2018-08-25 15:11:55,5241.87441666667
2018-08-25 15:12:55,5218.51533333333
2018-08-25 15:13:55,5181.0809
2018-08-25 15:14:55,5153.03958333333
2018-08-25 15:15:55,5153.68881666667
2018-08-25 15:16:55,5132.90186666667
2018-08-25 15:17:55,5118.7229
2018-08-25 15:18:55,5098.69161666667
2018-08-25 15:19:55,5074.23338333333
2018-08-25 15:20:55,5021.54816666667
2018-08-25 15:21:55,5013.34765
2018-08-25 15:22:55,4970.34248333333
2018-08-25 15:23:55,4931.42506666667
2018-08-25 15:24:55,4921.77116666667
2018-08-25 15:25:55,4893.67745
2018-08-25 15:26:55,4874.1345
2018-08-25 15:27:55,4849.68611666667
2018-08-25 15:28:55,4819.3816
2018-08-25 15:29:55,4797.09616666667
2018-08-25 15:30:55,4791.60515
2018-08-25 15:31:55,4781.32928333333
2018-08-25 15:32:55,4766.3778
2018-08-25 15:33:55,4739.00523333333
2018-08-25 15:34:55,4458.46605
2018-08-25 15:35:55,4555.20015
2018-08-25 15:36:55,4486.2819
2018-08-25 15:37:55,4399.44203333333
2018-08-25 15:38:55,4479.53278333333
2018-08-25 15:39:55,4249.47423333333
2018-08-25 15:40:55,4264.62678333333
2018-08-25 15:41:55,4313.33248333333
2018-08-25 15:42:55,4490.0942
2018-08-25 15:43:55,4466.64753333333
2018-08-25 15:44:55,4453.09321666667
2018-08-25 15:45:55,4424.3781
2018-08-25 15:46:55,4386.21928333333
2018-08-25 15:47:55,4357.42448333333
2018-08-25 15:48:55,4318.53591666667
2018-08-25 15:49:55,4284.5281
2018-08-25 15:50:55,4261.07458333333
2018-08-25 15:51:55,4232.6872
2018-08-25 15:52:55,4196.84396666667
2018-08-25 15:53:55,4169.88743333333
2018-08-25 15:54:55,4117.1196
2018-08-25 15:55:55,4101.48558333333
2018-08-25 15:56:55,4059.2593
2018-08-25 15:57:55,4038.93278333333
2018-08-25 15:58:55,4007.39108333333
2018-08-25 15:59:55,3980.31806666667
2018-08-25 16:00:55,3942.63621666667
2018-08-25 16:01:55,3913.90598333333
2018-08-25 16:02:55,3883.54535
2018-08-25 16:03:55,3859.64235
2018-08-25 16:04:55,3822.83988333333
2018-08-25 16:05:55,3801.10233333333
2018-08-25 16:06:55,3756.76725
2018-08-25 16:07:55,3720.53605
2018-08-25 16:08:55,3682.90745
2018-08-25 16:09:55,3639.67996666667
2018-08-25 16:10:55,3616.51743333333
2018-08-25 16:11:55,3581.26518333333
2018-08-25 16:12:55,3548.0584
2018-08-25 16:13:55,3514.23263333333
2018-08-25 16:14:55,3482.70203333333
2018-08-25 16:15:55,3444.10208333333
2018-08-25 16:16:55,3425.17445
2018-08-25 16:17:55,3392.70561666667
2018-08-25 16:18:55,3359.5467
2018-08-25 16:19:55,3292.2246
2018-08-25 16:20:55,3274.03255
2018-08-25 16:21:55,3235.66295
2018-08-25 16:22:55,3228.10721666667
2018-08-25 16:23:55,3181.86575
2018-08-25 16:24:55,3127.49908333333
2018-08-25 16:25:55,3103.38061666667
2018-08-25 16:26:55,3072.10873333333
2018-08-25 16:27:55,3046.17711666667
2018-08-25 16:28:55,3002.83185
2018-08-25 16:29:55,2979.69803333333
2018-08-25 16:30:55,2945.8595
2018-08-25 16:31:55,2897.12321666667
2018-08-25 16:32:55,2872.62198333333
2018-08-25 16:33:55,2836.40733333333
2018-08-25 16:34:55,2802.36681666667
2018-08-25 16:35:55,2771.2119
2018-08-25 16:36:55,2727.79723333333
2018-08-25 16:37:55,2702.5916
2018-08-25 16:38:55,2672.22185
2018-08-25 16:39:55,2627.47915
2018-08-25 16:40:55,2594.79081666667
2018-08-25 16:41:55,2549.26146666667
2018-08-25 16:42:55,2519.05661666667
2018-08-25 16:43:55,2480.87451666667
2018-08-25 16:44:55,2446.62486666667
2018-08-25 16:45:55,2414.06458333333
2018-08-25 16:46:55,2375.37381666667
2018-08-25 16:47:55,2344.97493333333
2018-08-25 16:48:55,2302.05356666667
2018-08-25 16:49:55,2268.40521666667
2018-08-25 16:50:55,2232.3105
2018-08-25 16:51:55,2196.02106666667
2018-08-25 16:52:55,2162.242
2018-08-25 16:53:55,2130.41628333333
2018-08-25 16:54:55,2081.59625
2018-08-25 16:55:55,2036.22746666667
2018-08-25 16:56:55,2008.07075
2018-08-25 16:57:55,1983.66976666667
2018-08-25 16:58:55,1943.02303333333
2018-08-25 16:59:55,1898.48033333333
2018-08-25 17:00:55,1861.38501666667
2018-08-25 17:01:55,1840.32368333333
2018-08-25 17:02:55,1806.88543333333
2018-08-25 17:03:55,1772.93345
2018-08-25 17:04:55,1734.41488333333
2018-08-25 17:05:55,1711.46891666667
2018-08-25 17:06:55,1675.80708333333
2018-08-25 17:07:55,1643.83923333333
2018-08-25 17:08:55,1611.25103333333
2018-08-25 17:09:55,1578.77126666667
2018-08-25 17:10:55,1543.56723333333
2018-08-25 17:11:55,1503.71425
2018-08-25 17:12:55,1467.92735
2018-08-25 17:13:55,1435.47735
2018-08-25 17:14:55,1395.38028333333
2018-08-25 17:15:55,1367.05376666667
2018-08-25 17:16:55,1313.04258333333
2018-08-25 17:17:55,1303.74228333333
2018-08-25 17:18:55,1272.89131666667
2018-08-25 17:19:55,1237.86778333333
2018-08-25 17:20:55,1203.82651666667
2018-08-25 17:21:55,1162.19283333333
2018-08-25 17:22:55,1130.87978333333
2018-08-25 17:23:55,1100.36303333333
2018-08-25 17:24:55,1069.75738333333
2018-08-25 17:25:55,1037.5014
2018-08-25 17:26:55,1011.07355
2018-08-25 17:27:55,979.729533333333
2018-08-25 17:28:55,951.114666666667
2018-08-25 17:29:55,921.236666666667
2018-08-25 17:30:55,893.7852
2018-08-25 17:31:55,863.625733333333
2018-08-25 17:32:55,833.724483333333
2018-08-25 17:33:55,805.3975
2018-08-25 17:34:55,778.544783333333
2018-08-25 17:35:55,751.69805
2018-08-25 17:36:55,720.524366666667
2018-08-25 17:37:55,694.665
2018-08-25 17:38:55,667.483433333333
2018-08-25 17:39:55,640.324716666667
2018-08-25 17:40:55,615.747833333333
2018-08-25 17:41:55,590.573316666667
2018-08-25 17:42:55,565.10295
2018-08-25 17:43:55,541.975683333333
2018-08-25 17:44:55,518.0374
2018-08-25 17:45:55,494.649783333333
2018-08-25 17:46:55,470.662766666667
2018-08-25 17:47:55,446.897483333333
2018-08-25 17:48:55,419.283683333333
2018-08-25 17:49:55,402.1047
2018-08-25 17:50:55,379.3183
2018-08-25 17:51:55,357.42775
2018-08-25 17:52:55,335.58885
2018-08-25 17:53:55,316.4467
2018-08-25 17:54:55,296.8804
2018-08-25 17:55:55,272.585983333333
2018-08-25 17:56:55,264.58225
2018-08-25 17:57:55,247.144216666667
2018-08-25 17:58:55,227.3579
2018-08-25 17:59:55,212.630716666667
2018-08-25 18:00:55,196.7332
2018-08-25 18:01:55,180.304866666667
2018-08-25 18:02:55,166.792466666667
2018-08-25 18:03:55,153.917433333333
2018-08-25 18:04:55,138.964566666667
2018-08-25 18:05:55,129.056
2018-08-25 18:06:55,116.6869
2018-08-25 18:07:55,104.6519
2018-08-25 18:08:55,94.78905
2018-08-25 18:09:55,84.3061166666667
2018-08-25 18:10:55,74.7609833333333
2018-08-25 18:11:55,65.0206166666667
2018-08-25 18:12:55,57.7956833333333
2018-08-25 18:13:55,50.6905666666667
2018-08-25 18:14:55,42.6978
2018-08-25 18:15:55,36.2655333333333
2018-08-25 18:16:55,28.7012333333333
2018-08-25 18:17:55,21.0219333333333
2018-08-25 18:18:55,15.9316
2018-08-25 18:19:55,11.1469333333333
2018-08-25 18:20:55,6.5384
2018-08-25 18:21:55,2.4898
2018-08-25 18:22:55,0.28445
2018-08-25 18:23:55,-2.98218333333333
2018-08-25 18:24:55,-5.53301666666667
2018-08-25 18:25:55,-7.3962
2018-08-25 18:26:55,-8.29968333333333
2018-08-25 18:27:55,-9.07928333333333
2018-08-25 18:28:55,-8.62993333333333
2018-08-25 18:29:55,-8.27416666666667
2018-08-25 18:30:55,-9.13076666666667
2018-08-25 18:31:55,-9.31451666666667
2018-08-25 18:32:55,-9.71728333333333
2018-08-25 18:33:55,-10.0157166666667
2018-08-25 18:34:55,-10.1625333333333
2018-08-25 18:35:55,-9.59608333333333
2018-08-25 18:36:55,-9.91425
2018-08-25 18:37:55,-11.0575166666667
2018-08-25 18:38:55,-11.02655
2018-08-25 18:39:55,-11.0841333333333
2018-08-25 18:40:55,-10.77515
2018-08-25 18:41:55,-8.86928333333333
2018-08-25 18:42:55,-7.70321666666667
2018-08-25 18:43:55,-7.91146666666667
2018-08-25 18:44:55,-5.37271666666667
2018-08-25 18:45:55,-2.46106666666667
2018-08-25 18:46:55,-1.96258333333333
2018-08-25 18:47:55,-0.19805
2018-08-25 18:48:55,2.88573333333333
2018-08-25 18:49:55,3.64853333333333
2018-08-25 18:50:55,2.81095
2018-08-25 18:51:55,1.76451666666667
2018-08-25 18:52:55,0.878233333333333
2018-08-25 18:53:55,1.11501666666667
2018-08-25 18:54:55,3.49285
2018-08-25 18:55:55,4.00885
2018-08-25 18:56:55,5.1665
2018-08-25 18:57:55,1.44526666666667
2018-08-25 18:58:55,0.739
2018-08-25 18:59:55,0.558933333333333
2018-08-25 19:00:55,1.86515
2018-08-25 19:01:55,2.18181666666667
2018-08-25 19:02:55,2.04755
2018-08-25 19:03:55,1.5127
2018-08-25 19:04:55,2.22673333333333
2018-08-25 19:05:55,3.20505
2018-08-25 19:06:55,3.76088333333333
2018-08-25 19:07:55,4.13791666666667
2018-08-25 19:08:55,3.61633333333333
2018-08-25 19:09:55,2.93143333333333
2018-08-25 19:10:55,3.65796666666667
2018-08-25 19:11:55,4.51063333333333
2018-08-25 19:12:55,2.49635
2018-08-25 19:13:55,3.3918
2018-08-25 19:14:55,3.20945
2018-08-25 19:15:55,2.73948333333333
2018-08-25 19:16:55,3.27423333333333
2018-08-25 19:17:55,3.52203333333333
2018-08-25 19:18:55,3.2687
2018-08-25 19:19:55,3.13118333333333
2018-08-25 19:20:55,3.19001666666667
2018-08-25 19:21:55,3.71581666666667
2018-08-25 19:22:55,3.73361666666667
2018-08-25 19:23:55,3.64843333333333
2018-08-25 19:24:55,3.8234
2018-08-25 19:25:55,3.80928333333333
2018-08-25 19:26:55,3.59455
2018-08-25 19:27:55,3.25516666666667
2018-08-25 19:28:55,2.48736666666667
2018-08-25 19:29:55,-0.0307166666666665
2018-08-25 19:30:55,2.21198333333333
2018-08-25 19:31:55,2.39383333333333
2018-08-25 19:32:55,3.1605
2018-08-25 19:33:55,3.8159
2018-08-25 19:34:55,3.51726666666667
2018-08-25 19:35:55,4.07408333333333
2018-08-25 19:36:55,2.42618333333333
2018-08-25 19:37:55,3.65886666666667
2018-08-25 19:38:55,3.38563333333333
2018-08-25 19:39:55,5.76898333333333
2018-08-25 19:40:55,5.97283333333333
2018-08-25 19:41:55,6.6295
2018-08-25 19:42:55,6.4563
2018-08-25 19:43:55,5.51143333333333
2018-08-25 19:44:55,7.87695
2018-08-25 19:45:55,6.05148333333333
2018-08-25 19:46:55,4.75005
2018-08-25 19:47:55,4.77208333333333
2018-08-25 19:48:55,2.26831666666667
2018-08-25 19:49:55,3.64551666666667
2018-08-25 19:50:55,4.98953333333333
2018-08-25 19:51:55,4.5982
2018-08-25 19:52:55,3.43601666666667
2018-08-25 19:53:55,1.31298333333333
2018-08-25 19:54:55,0.517583333333333
2018-08-25 19:55:55,1.00258333333333
2018-08-25 19:56:55,1.84178333333333
2018-08-25 19:57:55,3.14288333333333
2018-08-25 19:58:55,3.11373333333333
2018-08-25 19:59:55,3.37715
2018-08-25 20:00:55,2.5832
2018-08-25 20:01:55,1.70708333333333
2018-08-25 20:02:55,2.67918333333333
2018-08-25 20:03:55,2.92413333333333
2018-08-25 20:04:55,2.82233333333333
2018-08-25 20:05:55,3.2597
2018-08-25 20:06:55,2.92455
2018-08-25 20:07:55,3.2904
2018-08-25 20:08:55,3.72078333333333
2018-08-25 20:09:55,3.77613333333333
2018-08-25 20:10:55,3.63098333333333
2018-08-25 20:11:55,1.9203
2018-08-25 20:12:55,1.37795
2018-08-25 20:13:55,1.37031666666667
2018-08-25 20:14:55,1.35446666666667
2018-08-25 20:15:55,1.23191666666667
2018-08-25 20:16:55,1.4238
2018-08-25 20:17:55,1.3362
2018-08-25 20:18:55,0.9212
2018-08-25 20:19:55,0.9929
2018-08-25 20:20:55,0.442266666666667
2018-08-25 20:21:55,0.0351166666666668
2018-08-25 20:22:55,0.583066666666667
2018-08-25 20:23:55,0.368
2018-08-25 20:24:55,-0.566666666666667
2018-08-25 20:25:55,-1.0192
2018-08-25 20:26:55,-0.339733333333333
2018-08-25 20:27:55,-0.249933333333333
2018-08-25 20:28:55,-0.244533333333334
2018-08-25 20:29:55,-0.5436
2018-08-25 20:30:55,-0.677366666666667
2018-08-25 20:31:55,-0.6558
2018-08-25 20:32:55,-0.476116666666667
2018-08-25 20:33:55,-0.546466666666667
2018-08-25 20:34:55,-0.480033333333333
2018-08-25 20:35:55,-0.569533333333333
2018-08-25 20:36:55,0.0597166666666669
2018-08-25 20:37:55,0.575433333333334
2018-08-25 20:38:55,1.05318333333333
2018-08-25 20:39:55,1.47493333333333
2018-08-25 20:40:55,2.00276666666667
2018-08-25 20:41:55,0.812616666666667
2018-08-25 20:42:55,0.559966666666667
2018-08-25 20:43:55,0.610583333333333
2018-08-25 20:44:55,0.0866333333333333
2018-08-25 20:45:55,0.0586000000000002
2018-08-25 20:46:55,-0.217583333333333
2018-08-25 20:47:55,2.0099
2018-08-25 20:48:55,4.0653
2018-08-25 20:49:55,5.566
2018-08-25 20:50:55,3.48823333333333
2018-08-25 20:51:55,0.114233333333334
2018-08-25 20:52:55,0.0411166666666664
2018-08-25 20:53:55,-1.9894
2018-08-25 20:54:55,-1.96316666666667
2018-08-25 20:55:55,-1.99083333333333
2018-08-25 20:56:55,-2.06993333333333
2018-08-25 20:57:55,-2.05681666666667
2018-08-25 20:58:55,-1.85018333333333
2018-08-25 20:59:55,-1.89133333333333
2018-08-25 21:00:55,-1.95596666666667
2018-08-25 21:01:55,-2.0457
2018-08-25 21:02:55,0.388983333333334
2018-08-25 21:03:55,-0.114116666666667
2018-08-25 21:04:55,-1.06488333333333
2018-08-25 21:05:55,-0.0878333333333333
2018-08-25 21:06:55,0.666933333333333
2018-08-25 21:07:55,0.653783333333333
2018-08-25 21:08:55,0.848483333333333
2018-08-25 21:09:55,0.2899
2018-08-25 21:10:55,0.0190666666666667
2018-08-25 21:11:55,1.50448333333333
2018-08-25 21:12:55,2.08613333333333
2018-08-25 21:13:55,2.44095
2018-08-25 21:14:55,3.48498333333333
2018-08-25 21:15:55,2.54721666666667
2018-08-25 21:16:55,1.70851666666667
2018-08-25 21:17:55,1.93961666666667
2018-08-25 21:18:55,2.29411666666667
2018-08-25 21:19:55,2.39136666666667
2018-08-25 21:20:55,2.0024
2018-08-25 21:21:55,1.7652
2018-08-25 21:22:55,0.621216666666667
2018-08-25 21:23:55,0.525216666666667
2018-08-25 21:24:55,-0.0153333333333335
2018-08-25 21:25:55,0.1353
2018-08-25 21:26:55,-1.35446666666667
2018-08-25 21:27:55,-1.59138333333333
2018-08-25 21:28:55,-0.325883333333333
2018-08-25 21:29:55,0.0102
2018-08-25 21:30:55,-0.0725999999999999
2018-08-25 21:31:55,-0.839216666666667
2018-08-25 21:32:55,-1.2641
2018-08-25 21:33:55,-1.15026666666667
2018-08-25 21:34:55,-1.64293333333333
2018-08-25 21:35:55,-1.18663333333333
2018-08-25 21:36:55,-0.631266666666667
2018-08-25 21:37:55,-0.660266666666667
2018-08-25 21:38:55,-0.059983333333333
2018-08-25 21:39:55,-0.438766666666667
2018-08-25 21:40:55,-0.556183333333333
2018-08-25 21:41:55,-0.44225
2018-08-25 21:42:55,-0.316083333333333
2018-08-25 21:43:55,-0.677283333333333
2018-08-25 21:44:55,-0.547616666666667
2018-08-25 21:45:55,-1.83291666666667
2018-08-25 21:46:55,-2.18278333333333
2018-08-25 21:47:55,-2.08281666666667
2018-08-25 21:48:55,-1.9825
2018-08-25 21:49:55,-1.89523333333333
2018-08-25 21:50:55,-1.59803333333333
2018-08-25 21:51:55,-1.82191666666667
2018-08-25 21:52:55,-0.973933333333334
2018-08-25 21:53:55,-0.0916333333333333
2018-08-25 21:54:55,0.21185
2018-08-25 21:55:55,-0.0758833333333334
2018-08-25 21:56:55,-1.2177
2018-08-25 21:57:55,-1.12353333333333
2018-08-25 21:58:55,-1.18258333333333
2018-08-25 21:59:55,-0.911133333333333
2018-08-25 22:00:55,-0.784433333333333
2018-08-25 22:01:55,-0.814766666666667
2018-08-25 22:02:55,-0.9157
2018-08-25 22:03:55,-0.689166666666667
2018-08-25 22:04:55,-1.12616666666667
2018-08-25 22:05:55,-1.42308333333333
2018-08-25 22:06:55,0.148066666666667
2018-08-25 22:07:55,1.55281666666667
2018-08-25 22:08:55,1.60821666666667
2018-08-25 22:09:55,2.54498333333333
2018-08-25 22:10:55,3.09546666666667
2018-08-25 22:11:55,3.70211666666667
2018-08-25 22:12:55,4.29156666666667
2018-08-25 22:13:55,4.64001666666667
2018-08-25 22:14:55,4.76858333333333
2018-08-25 22:15:55,5.26771666666667
2018-08-25 22:16:55,7.5518
2018-08-25 22:17:55,8.07083333333333
2018-08-25 22:18:55,6.2907
2018-08-25 22:19:55,4.43358333333333
2018-08-25 22:20:55,1.7193
2018-08-25 22:21:55,-1.55211666666667
2018-08-25 22:22:55,-1.53345
2018-08-25 22:23:55,-1.596
2018-08-25 22:24:55,-1.60045
2018-08-25 22:25:55,-1.39121666666667
2018-08-25 22:26:55,-0.489
2018-08-25 22:27:55,0.0146666666666664
2018-08-25 22:28:55,-0.0814666666666665
2018-08-25 22:29:55,0.28335
2018-08-25 22:30:55,0.55525
2018-08-25 22:31:55,0.245966666666667
2018-08-25 22:32:55,1.3186
2018-08-25 22:33:55,1.98683333333333
2018-08-25 22:34:55,1.77501666666667
2018-08-25 22:35:55,0.75645
2018-08-25 22:36:55,0.5798
2018-08-25 22:37:55,0.805083333333333
2018-08-25 22:38:55,0.555616666666667
2018-08-25 22:39:55,0.751933333333333
2018-08-25 22:40:55,1.01236666666667
2018-08-25 22:41:55,1.0625
2018-08-25 22:42:55,0.888366666666667
2018-08-25 22:43:55,1.55503333333333
2018-08-25 22:44:55,1.0347
2018-08-25 22:45:55,0.969733333333333
2018-08-25 22:46:55,1.17461666666667
2018-08-25 22:47:55,0.64345
2018-08-25 22:48:55,0.7758
2018-08-25 22:49:55,0.755633333333333
2018-08-25 22:50:55,0.915866666666667
2018-08-25 22:51:55,1.38288333333333
2018-08-25 22:52:55,0.281983333333333
2018-08-25 22:53:55,-0.0652666666666666
2018-08-25 22:54:55,-0.218333333333333
2018-08-25 22:55:55,-0.30475
2018-08-25 22:56:55,-0.41475
2018-08-25 22:57:55,-0.3947
2018-08-25 22:58:55,-0.404966666666667
2018-08-25 22:59:55,-0.2886
2018-08-25 23:00:55,-0.321483333333333
2018-08-25 23:01:55,-0.149083333333333
2018-08-25 23:02:55,0.140416666666667
2018-08-25 23:03:55,0.127
2018-08-25 23:04:55,0.215433333333333
2018-08-25 23:05:55,0.2876
2018-08-25 23:06:55,0.295683333333333
2018-08-25 23:07:55,0.219083333333333
2018-08-25 23:08:55,-0.0419666666666665
2018-08-25 23:09:55,1.8875
2018-08-25 23:10:55,1.85001666666667
2018-08-25 23:11:55,1.943
2018-08-25 23:12:55,2.35888333333333
2018-08-25 23:13:55,2.40018333333333
2018-08-25 23:14:55,2.32478333333333
2018-08-25 23:15:55,2.51571666666667
2018-08-25 23:16:55,2.40083333333333
2018-08-25 23:17:55,2.44505
2018-08-25 23:18:55,2.26471666666667
2018-08-25 23:19:55,3.17508333333333
2018-08-25 23:20:55,3.86681666666667
2018-08-25 23:21:55,3.0989
2018-08-25 23:22:55,2.67303333333333
2018-08-25 23:23:55,1.83663333333333
2018-08-25 23:24:55,0.475966666666666
2018-08-25 23:25:55,1.05018333333333
2018-08-25 23:26:55,1.53773333333333
2018-08-25 23:27:55,1.41906666666667
2018-08-25 23:28:55,-0.0652666666666667
2018-08-25 23:29:55,-0.28385
2018-08-25 23:30:55,-0.257066666666667
2018-08-25 23:31:55,-0.354416666666666
2018-08-25 23:32:55,-0.374366666666667
2018-08-25 23:33:55,-0.4051
2018-08-25 23:34:55,-0.347466666666667
2018-08-25 23:35:55,-0.319066666666667
2018-08-25 23:36:55,-0.39915
2018-08-25 23:37:55,-0.3792
2018-08-25 23:38:55,-0.407566666666667
2018-08-25 23:39:55,-0.350683333333333
2018-08-25 23:40:55,0.109316666666667
2018-08-25 23:41:55,0.11585
2018-08-25 23:42:55,0.0858833333333333
2018-08-25 23:43:55,0.000116666666666523
2018-08-25 23:44:55,-0.0148666666666666
2018-08-25 23:45:55,-0.0545666666666666
2018-08-25 23:46:55,-0.1587
2018-08-25 23:47:55,-0.398133333333333
2018-08-25 23:48:55,-0.909983333333333
2018-08-25 23:49:55,-0.915783333333334
2018-08-25 23:50:55,-0.942133333333333
2018-08-25 23:51:55,-0.8609
2018-08-25 23:52:55,-0.852666666666667
2018-08-25 23:53:55,-0.870133333333333
2018-08-25 23:54:55,-0.885716666666667
2018-08-25 23:55:55,-0.849566666666667
2018-08-25 23:56:55,-0.756016666666667
2018-08-25 23:57:55,-0.88015
2018-08-25 23:58:55,-1.03953333333333
2018-08-25 23:59:55,-0.27355
